,상호,계,업종,주소,거리
1,맥도날드 판교테크노,916,패스트푸드점,"경기 성남시 분당구 판교역로 231, 1층 110호, 111호 (삼평동,에이치스퀘어 에스동)",3분
2,기름짜는김밥집,485,일반음식점,"경기 성남시 분당구 판교역로 231, 118호 (삼평동,에이치스퀘어 에스동)",3분
3,차이엔,442,중식전문점,"경기 성남시 분당구 판교역로 235, N동 1층 126호 (삼평동,에이치스퀘어)",코앞
4,판교점담소소사골순대육개장,412,일반음식점,"경기 성남시 분당구 판교역로 231, 1층 105호,106호 (삼평동,에이치스퀘어 에스동)",3분
5,써브웨이판교테크노벨리점,382,패스트푸드점,"경기 성남시 분당구 대왕판교로670,유스페이스2. 1층119호(삼평동) ",3분
6,영심이네,363,일반음식점,"경기 성남시 분당구 판교역로 240, A동 103, 104호 (삼평동,삼환하이펙스)",3분
7,김가네,351,일반음식점,"경기 성남시 분당구 판교역로 231 (삼평동,에이치스퀘어에스동1층 126호 전체)",3분
8,두부가보쌈애,342,일반음식점 기타,"경기 성남시 분당구 판교역로 235, 에치스퀘이제엔동B111호",3분
9,해도락,327,일반음식점,"경기 성남시 분당구 판교역로 235 (삼평동,에이치스퀘어N동 130,131,132호)",코앞
10,봉피양 (판교),268,일반음식점,"경기 성남시 분당구 판교역로 235, 121,122호 (삼평동,에이치스퀘어 엔동)",코앞
11,미쁜선순대,259,한식,"경기 성남시 분당구 판교역로 240, (삼평동,삼환하이펙스A동125호,126호)",3분
12,김밥천국,254,한식,경기 성남시 분당구 삼평동 680 판교테크노벨리S블럭B119호,4분
13,픽유어온샐러드,236,일반음식점,"경기 성남시 분당구 판교역로 240, 1층 120호 (삼평동,삼환하이펙스A동)",4분
14,조마루감자탕판교점,219,일반음식점,"경기 성남시 분당구 판교역로 231 (삼평동,에이치스퀘어에스동1층129호,130호)",4분
15,삼미칼국수,180,일반음식점,"경기 성남시 분당구 판교역로 240, B118호 (삼환하이펙스,A동) (삼평동)",4분
16,순남시래기판교테크노벨리점,174,일반음식점,"경기 성남시 분당구 판교역로 235, 1층 127호 (삼평동,에이치스퀘어 엔동)",4분
17,버거킹판교유스페이스,171,패스트푸드점,"경기 성남시 분당구 대왕판교로 660,유스페이스1,111호,112호(삼평동)",10분
18,우영관,169,일반음식점,"경기 성남시 분당구 분당내곡로 117, 2층 202호 (백현동,알파돔타워IV)",17분
19,미정국수0410판교점,162,일반음식점,"경기 성남시 분당구 판교역로 231, 지하1층,B104호,B105호 (삼평동,에이치스퀘어 에스동)",4분
20,천야,160,일반음식점,"경기 성남시 분당구 대왕판교로 670 (삼평동,유스페이스2.지하1층B119-9~B119-12호)",4분
21,베이징스토리,160,중식전문점,"경기 성남시 분당구 판교역로 230 (삼평동,삼환하이펙스B동1층120-1,121,121-1,121-2호)",5분
22,소공동뚝배기집판교점,159,일반음식점,"경기 성남시 분당구 판교역로 240, 삼환하이펙스A동B105호,B105-1호 (삼평동)",5분
23,샐러드박스 판교에이치스퀘어점,159,서양식전문점,"경기 성남시 분당구 판교역로 231, 에스동 비1층 비106호 (삼평동,에이치스퀘어)",4분
24,전주현대옥 판교점,158,일반음식점,"경기 성남시 분당구 대왕판교로 670, (유스페이스2. 1층122호일부) (삼평동)",3분
25,양평해장국,158,일반음식점,"경기 성남시 분당구 판교역로 230,(삼환하이펙스B동B-117호)(삼평동)",7분
26,늘솜,149,일반음식점,"경기 성남시 분당구 삼평동 680 에이치스퀘어 에스동1층110호,111호",5분
27,분당등심촌,145,일반음식점,"경기 성남시 분당구 판교역로 235, 1층 123호 (삼평동,에이치스퀘어 엔동)",코앞
28,이태리부대찌개판교점,136,일반음식점,"경기 성남시 분당구 판교역로230, 1층 B동 B117-1호 (삼평동,삼환하이 ",4분
29,소호반점101,131,중식전문점,"경기 성남시 분당구 판교역로 240, A동 지하1층 B-101호 (삼평동,삼환하이펙스)",2분
30,부산아지매국밥판교점,130,일반음식점,"경기 성남시 분당구 판교역로241번길 22, 엠타워1층 112,113,114호. (삼평동)",3분
31,내니인마이애미(NannyinMiami),128,일반음식점,"경기 성남시 분당구 판교역로 235, 118호 (삼평동,(에이치스퀘어 N동))",코앞
32,서호돈가스,124,일반음식점 기타,"경기 성남시 분당구 판교역로 231, S동 1층 124호 (삼평동,에이치스퀘어)",코앞
33,커먼키친,117,일반음식점,"경기 성남시 분당구 판교역로 235 (삼평동,에이치스퀘어엔동B107호)",코앞
34,뻘낙지한마당,116,한식,"경기 성남시 분당구 판교역로 235, N동 1층 125호 (삼평동,에이치스퀘어 엔동)",코앞
35,만복국수판교테크노밸리점,113,일반음식점,"경기 성남시 분당구 판교역로 235, 1층 108호 (삼평동,에이치스퀘어 엔동)",코앞
36,신기소,109,일식전문점,"경기 성남시 분당구 삼평동 680 에이치스퀘어 에스동 지하1층 B129,B130호",3분
37,춘업순댓국,108,일반음식점,"경기 성남시 분당구 판교역로 231, B113호 (에이치스퀘어 에스동 지1층.) (삼평동)",4분
38,일상화식,102,일식/생선회집,"경기 성남시 분당구 대왕판교로 670, 2층 226호 (삼평동,유스페이스2)",3분
39,소호정(티-밸리점),102,일반음식점,"경기 성남시 분당구 대왕판교로 670, 유스페이스2지하1층B117호 (삼평동)",2분
40,교동냉면(주)파파스다이닝,102,일반음식점,"경기 성남시 분당구 판교역로 240, A동 지하1층 ((B-102호) (삼평동,삼환하이펙스)",2분
41,이희김밥,100,일반음식점,"경기 성남시 분당구 판교역로241번길 22, 1층 118호 (삼평동,엠타워)",3분
42,명동칼국수샤브샤브판교테크노밸리,97,일반음식점,"경기 성남시 분당구 판교역로 231, 지하1층 B131호, B132호 (삼평동,에이치스퀘어에스동)",4분
43,에그드랍판교테크노벨리점(주)에스,95,일반음식점,"경기 성남시 분당구 판교역로 231, S동 1층 104호 (삼평동,에이치스퀘어)",3분
44,조재벌한우국밥,94,일반음식점,"경기 성남시 분당구 판교로319번길 13, (디테라스 지1층105호,106호) (삼평동)",4분
45,마마스포,90,일반음식점,"경기 성남시 분당구 판교역로 235, 103,104호 (삼평동,에이치스퀘어 엔동)",코앞
46,김밥시간,87,한식,"경기 성남시 분당구 판교역로 240, A동 106호 (삼평동,삼환하이펙스)",2분
47,미소한우소고기국밥,85,한식,"경기 성남시 분당구 판교역로 235, 1층 124호 (삼평동,에이치스퀘어 엔동)",13분
48,토속상황삼계탕,84,일반음식점,"경기 성남시 분당구 대왕판교로 670 (삼평동,유스페이스2 2층225호)",3분
49,부대집 (주)마켓빌더즈코리아,78,일반음식점,"경기 성남시 분당구 대왕판교로 670, 유스페이스2, ,2층 224호 (삼평동)",3분
50,다루마,77,일반음식점,"경기 성남시 분당구 판교역로 240, 지하1호 B123호 (삼평동,삼환하이펙스A동)",5분
51,서경,75,일반음식점,"경기 성남시 분당구 판교역로 240, 삼환하이펙스 A동 지하1층 B104호 (삼평동)",2분
52,숯불재벌장어,74,일반음식점,"경기 성남시 분당구 대왕판교로 660, 유스페이스1 103-1,103-2 (삼평동)",2분
53,뉴포커리,74,서양식전문점,"경기 성남시 분당구 판교역로 231, S동 123호 (삼평동,에이치스퀘어)",4분
54,가장맛있는족발,74,일반음식점,"경기 성남시 분당구 대왕판교로 660, 1층143,155,156호,유스페이스1, (삼평동)",6분
55,서울전통육개장판교점,69,한식,"경기 성남시 분당구 판교역로 240-0,지하1층 108-1호 (삼평동,삼환하이 ",2분
56,평가옥,68,일반음식점,"경기 성남시 분당구 대왕판교로 660, 1층 102호 (삼평동,유스페이스1)",2분
57,이츠,68,일식전문점,"경기 성남시 분당구 판교역로 231, S동 223호 (삼평동,에이치스퀘어 에스동)",4분
58,오덮,66,일반음식점,"경기 성남시 분당구 판교역로 240, A동 지하1층 B114-1호  (삼평동,삼환하이펙스)",2분
59,외고집설렁탕,65,한식,"경기 성남시 분당구 판교역로 240, 에이-204 삼평동.삼환하이펙스",2분
60,비어팩토리판교점,65,일반주점,"경기 성남시 분당구 대왕판교로 670, 지하109,110호 (삼평동,유스페이스2)",3분
61,옛날그집,64,일반음식점,"경기 성남시 분당구 판교역로 240, 삼환하이펙스A동 지하1층B108호 (삼평동)",4분
62,됐소,64,일반음식점,"경기 성남시 분당구 대왕판교로 670,(유스페이스2지하1층B101호)(삼평동)",
63,더탭하우스,64,일반주점,"경기 성남시 분당구 판교역로 235, 1층 120호 (삼평동,에이치스퀘어 엔동)",
64,재크와콩나물,63,일반음식점,"경기 성남시 분당구 판교역로 231, (에이치스퀘어 에스동 지하1층B111호) (삼평동)",
65,더집밥,63,일반음식점,"경기 성남시 분당구 판교역로 240, A동 지하1층 103호 (삼평동,삼환하이팩스)",
66,홍대돈부리판교,60,일식,"경기 성남시 분당구 판교역로 231, 128호 (삼평동, 에이치스퀘어)",
67,달맞이국밥,60,일반음식점,"경기 성남시 분당구 판교역로 240, A동 B117호 (삼평동,삼환하이펙스)",
68,돌담촌,58,일반음식점,"경기 성남시 분당구 판교역로 230, (삼환하이펙스B동2층212호,213호,214호) (삼평동)",
69,고점자 부추칼국수만두,58,한식,"경기 성남시 분당구 판교역로 231, S동 1층 127호 (삼평동,에이치스퀘어 에스동)",
70,계란집,57,한식,"경기 성남시 분당구 판교역로 230, b동 지하1층 b-107 (삼평동)",
71,밥볶다 (동판교점),56,일반음식점,"경기 성남시 분당구 판교역로 240, 지하1층 B115, B115-1호 (삼평동,삼환하이펙스A동)",
72,(주)심스푸드,53,한식,경기 성남시 분당구 삼평동 680 에이치스퀘어에스블록1층110호-111호,
73,푸드빌리지판교점,52,일식전문점,"경기 성남시 분당구 판교로 185,3층(판교동)",
74,치킨마루(판교테크노밸리점),52,일반음식점,"경기 성남시 분당구 판교역로 235,(에이치스퀘어엔동1층101호)(삼평동)",
75,브루클린,48,일반음식점 기타,"경기 성남시 분당구 대왕판교로 670, A동 107호 (삼평동,유스페이스2)",
76,끌리마,48,일반음식점,"경기 성남시 분당구 판교역로 235, N동 119호 (삼평동,에이치스퀘어)",
77,이가네양꼬치,47,중식전문점,"경기 성남시 분당구 대왕판교로 660, 2층 212호 (삼평동,유스페이스1)",
78,스타차이나판교점엠비즈(주),47,중식전문점,"경기 성남시 분당구 판교로319번길 13 (삼평동,디테라스1층 104호,105호,106호)",
79,하나스시,45,일식/생선회집,"경기 성남시 분당구 판교역로 240, A-208 삼평동.하이펙스",
80,짝태앤노가리 판교점,45,일반주점,"경기 성남시 분당구 대왕판교로 670, 1층 125호 (삼평동,유스페이스2)",
81,원그릴드,45,한식,"경기 성남시 분당구 대왕판교로 660, 104(삼평동,유스페이스1)",
82,시암,45,일반음식점,"경기 성남시 분당구 판교역로 231 (삼평동,에스동 2층 224호, 225호)",
83,레이호우,45,중국식,"경기 성남시 분당구 판교역로 231, 에스동 1층 122호 에이치스퀘어 (삼평동, 에이치스퀘어)",
84,디초콜릿판교점,44,일반음식점,"경기 성남시 분당구 삼평동 670번지 유스페이스1 238호,240호",
85,다니엘스,44,한식,"경기 성남시 분당구 판교역로 230, 삼환하이펫스비동제1층103호 (삼평동)",
86,회-머구리,43,일식전문점,"경기 성남시 분당구 대왕판교로 670, 유스페이스2 B동212호,213호 (삼평동)",
87,짝태패밀리,43,일반주점,"경기 성남시 분당구 대왕판교로 670, 1층 127호 (삼평동,유스페이스2)",
88,오복미역,43,일반음식점,"경기 성남시 분당구 대왕판교로 660, 2층231,232,233호 유스페이스1 (삼평동)",
89,단지,43,일반음식점,"경기 성남시 분당구 판교역로 230, B동 지하1층 B110호 삼환하이팩스 (삼평동)",
90,킹콩부대찌개 동판교점,41,일반음식점,"경기 성남시 분당구 판교역로 240, A동 2층 207호 (삼평동,삼환하이펙스)",
91,깐부치킨판교테크노벨리점,41,치킨전문점,"경기 성남시 분당구 판교역로 235, 105,106호 (삼평동,H스퀘어 엔동)",
92,호토모토분당내수점,39,일식전문점,"경기 성남시 분당구 백현로101번길20, 106호 (수내동,그린프라자빌딩) ",
93,날마다웃는집오징어랑,39,한식,"경기 성남시 분당구 판교역로 230, B동 지하1층 B-123호 (삼평동)",
94,야끼화로(판교점),38,일반음식점,"경기 성남시 분당구 판교역로241번길 22,엠타워1층104호, 105호, 106호(삼평동)",
95,소호정,38,한식,경기 성남시 분당구 삼평동 682번지 유스페이스2관지하1층B117호,
96,북청집,36,일반음식점,"경기 성남시 분당구 판교역로 230 (삼평동,삼환하이펙스 B동 지하1층 B104호, B105호)",
97,탄탄면공방 판교테크노밸리점,35,일반음식점,"경기 성남시 분당구 판교역로 240, A동 121호 (삼평동,,삼환하이펙스A동)",
98,스시쿤판교,35,일식전문점,"경기 성남시 분당구 대왕판교로 660, 1동 B115호 (삼평동,유스페이스1)",
99,판교문어집,34,일반음식점,"경기 성남시 분당구 대왕판교로 660, 1층 122호 (삼평동,유스페이스1)",
100,쿠벤판교,34,일식/생선회집,"경기 성남시 분당구 판교역로 240, A동 B112호 (삼평동,삼환하이펙스)",
101,브라운홀릭판교점,34,일반음식점,"경기 성남시 분당구 판교로319번길 13, 1층 109,110호 (삼평동)",
102,(주)더비츠비츠분당정자점,34,기타식음료품,"경기 성남시 분당구 정자일로 220, 상가동 108호 (정자동,동양정자파라곤제2단지)",
103,황제갈비,33,일반음식점,"경기 성남시 분당구 대왕판교로 670 (삼평동,유스페이스2, 1층 104호,105호)",
104,엠비즈(주)네코부루본점,33,일식전문점,"경기 성남시 분당구 판교로319번길 13, 1층 112호 (삼평동,디테라스)",
105,빈티지1988,33,서양식전문점,"경기 성남시 분당구 판교역로 231 (삼평동,,에이치스퀘어에스동1층101호)",
106,김영희동태찜코다리냉면,33,일반음식점,"경기 성남시 분당구 판교역로241번길 22, 1층 115,116,117호 (삼평동)",
107,흑돈가,32,일반음식점,"경기 성남시 분당구 대왕판교로 660, 1동 3층 307호 (삼평동,유스페이스)",
108,주식회사 놀멍쉬멍,32,일반음식점,"경기 성남시 분당구 대왕판교로 660, B동 501호 (삼평동,유스페이스1)",
109,마노핀태평사거리점,32,일반음식점,"경기 성남시 수정구 수정로74번길 2, 1층 (수진동)",
110,포베이동판교밸리점,31,일반음식점,"경기 성남시 분당구 판교역로 240, 삼환하이펙스A동 지하1층B-107호 (삼평동)",
111,본가판교점,31,일반음식점,"경기 성남시 분당구 판교역로 231, 에스동202호, 203호, 204호, 205호 (삼평동)",
112,경복궁판교점(주)덕용푸드시,31,일반음식점,"경기 성남시 분당구 대왕판교로606번길 58, (판교푸르지오월드마크2층2-11~16호,2-41호) (삼평동)",
113,브랜든돈까스,30,서양식,"경기 성남시 분당구 판교역로 240, A동 B113호 (삼평동, 삼환하이펙스A동)",
114,바르다김선생분당정자신기점,30,일반음식점,"경기 성남시 분당구 내정로 29,1층102호(정자동,금곡프라자)",
115,홍루원,29,일반음식점,"경기 성남시 수정구 대왕판교로 812, 지하1층 (시흥동)",
116,닻,29,일반음식점,"경기 성남시 분당구 대왕판교로 660, 2층 209-4호 (삼평동,유스페이스1)",
117,양바위,28,일반음식점,"경기 성남시 분당구 판교역로 240,(삼환하이펙스A동1층127호)(삼평동)",
118,마부마라탕,28,중식전문점,"경기 성남시 분당구 대왕판교로 670, 214호 (삼평동,유스페이스2)",
119,찌개애감동,27,일반음식점,"경기 성남시 분당구 대왕판교로 660, 2층 214호 (삼평동,유스페이스1)",
120,울프스덴(WOLFS DEN),27,서양식전문점,"경기 성남시 분당구 대왕판교로 660, 2층 215호 (삼평동,유스페이스)",
121,던킨도너츠성남이마트,27,패스트푸드점,"경기 성남시 수정구 수정로 201, 1층 (태평동,신세계쉐덴)",
122,주식회사평가옥푸드시스템판교점,26,한식,"경기 성남시 분당구 대왕판교로 660, 1층 102호 (삼평동,유스페이스1)",
123,일류,26,일식전문점,"경기 성남시 분당구 대왕판교로 670, 2층 210호 (삼평동,유스페이스2)",
124,쌀어묵공방,26,휴게음식점,"경기 성남시 분당구 성남대로 381, 113호 (정자동,폴라리스빌딩)",
125,부릿팝 (burit pop),26,일반음식점 기타,"경기 성남시 분당구 대왕판교로 670, 2층 218호 (삼평동,유스페이스2)",
126,369부대찌개&삼겹살,26,일반음식점,"경기 성남시 분당구 판교역로 230 (삼평동,삼환하이펙스B동2층204호,205호)",
127,엠에스생감자치킨,25,일반주점,"경기 성남시 분당구 대왕판교로 670, 111호 (삼평동)",
128,본스치킨판교테크노점,25,치킨전문점,"경기 성남시 분당구 대왕판교로 670, 2동1층114호,115호 (삼평동,유스페이스)",
129,나비스시,25,일식전문점,"경기 성남시 분당구 돌마로 68, 1층 121호 (구미동,분당프라자)",
130,(주)삼원가든투뿔등심아브뉴프랑,25,일반음식점,"경기 성남시 분당구 동판교로177번길 25, 1층 129,130,131호 (삼평동,판교호반써밋플레이스)",
131,하남돼지집,24,한식,"경기 성남시 분당구 대왕판교로 660, 118호 (삼평동,유스페이스)",
132,판교점육전면사무소,24,일반음식점,"경기 성남시 분당구 대왕판교로 660, 2층 237호 (삼평동,유스페이스1)",
133,판교바다,24,일반음식점,"경기 성남시 분당구 대왕판교로 660,유스페이스1층.2층239호(삼평동)",
134,용범이네인계동껍데기테크노벨리점,24,일반음식점,"경기 성남시 분당구 대왕판교로 660, 1층 140호 141호 (삼평동,유스페이스l)",
135,빨라쪼델프레도,24,아이스크림전문점,"경기 성남시 분당구 구미로173번길 82, 서울대학병원 본관동 B1일부 (구미동)",
136,만강,24,한식,"경기 성남시 분당구 장미로92번길 7-5, (야탑동)",
137,Osalad(오샐러드)(주)포,24,일반음식점,"경기 성남시 분당구 판교역로 230, B동 117호 (삼평동)",
138,주식회사육의진가,23,한식,"경기 성남시 분당구 대왕판교로 670, (삼평동,유스페이스2지하1층비101호)",
139,주식회사 닥터브레인,23,기타식음료품,"경기 성남시 분당구 구미로173번길 47, 162호 (구미동,서울시니어스분당타워)",
140,양우양꼬치,23,일반음식점 기타,"경기 성남시 분당구 대왕판교로 660, 유스페이스1 비동 144호",
141,본도시락 서현점,23,한식,"경기 성남시 분당구 황새울로312번길 20, 1층 111,112호 (서현동)",
142,미스사이공판교점,23,일반음식점,"경기 성남시 분당구 판교역로 231, 에스동 지하1층 B103호 일부 (삼평동,에이치스퀘어)",
143,롤링핀,23,휴게음식점,"경기 성남시 분당구 판교역로192번길 12, (삼평동)",
144,(주)도원참치,23,일식전문점,"경기 성남시 분당구 판교역로192번길 16 (삼평동,판교타워2층 204호,205호,206호,207호)",
145,한솥(판교테크노밸리점),22,일반음식점,"경기 성남시 분당구 판교역로 231,(삼평동,에이치스퀘어에스동1층102호)",
146,오투닭갈비부대찌개판교테크노벨리,22,일반음식점,"경기 성남시 분당구 대왕판교로 670, 2층 223호 (삼평동,유스페이스2)",
147,스쿨푸드정자딜리버리점,22,일반음식점,경기 성남시 분당구 불정로77번길 4-5 (정자동),
148,본도시락성남시청점,22,일반음식점,"경기 성남시 중원구 양현로405번길 7, 1층 106호 (여수동,신야탑푸르지오시티2)",
149,바디쉐프판교테크노벨리점,22,일반음식점,"경기 성남시 분당구 판교역로 231, S동 1층 107호 (삼평동)",
150,몬트락,22,일반음식점,"경기 성남시 분당구 대왕판교로 660,유스페이스1 1층163호,164호(삼평동)",
151,단,22,일식전문점,"경기 성남시 분당구 대왕판교로 660, 160호 (삼평동,유스페이스1)",
152,고을래이베리코흑돼지전문점,22,일반음식점,"경기 성남시 분당구 판교역로 231, B114호 (삼평동,에이치스퀘어에스동)",
153,화포식당판교,21,일반음식점,"경기 성남시 분당구 대왕판교로660, 2층 240호 (삼평동,유스페이스1) ",
154,판교점새마을식당,21,일반음식점,"경기 성남시 분당구 대왕판교로 670, 유스페이스10블럭2층215호,216호 (삼평동)",
155,슈퍼타이판교테크노벨리점,21,일반음식점,"경기 성남시 분당구 판교로319번길 13, 1층 115호 (삼평동,디테라스)",
156,삿뽀로판교점(주)덕용푸드시,21,일식전문점,"경기 성남시 분당구 대왕판교로606번길 58, 2층 2-33~38호 (삼평동,판교푸르지오월드마크)",
157,능라도,21,일반음식점,"경기 성남시 분당구 산운로32번길 8,(1층,2층전체)(운중동)",
158,펀비어킹판교테크노밸리점,20,일반주점,"경기 성남시 분당구 대왕판교로 660, 1층 148호 (삼평동,유스페이스1)",
159,이야기둘,20,일반음식점,"경기 성남시 분당구 판교로319번길 13, 113호 (삼평동,디테라스1층)",
160,마키노차야판교점,20,뷔페.출장연회,"경기 성남시 분당구 판교역로 145, 타워2동 지하1층 B109~B115호, B131~137호 (백현동,알파리?",
161,마라웨이,20,중식전문점,"경기 성남시 분당구 대왕판교로 660, 2층 203호 (삼평동,유스페이스1)",
162,다원개발,20,기타식음료품,"경기 성남시 분당구 내정로174번길 42, 상가동 지하층 1 164,165,185,186,191,192,205,206,218,219,",
163,육미한우암소직판장,19,일반한식,"경기 성남시 수정구 달래내로 18, 판교블랑쉬에 1호 지층 및전체 (금토동, 투원빌리지)",
164,영심이판교2호점,19,휴게음식점,"경기 성남시 분당구 대왕판교로606번길 45 1층 110호 (삼평동,판교역푸르지오시티)",
165,스튜디오지구(STUDIOZ,19,일반음식점,"경기 성남시 분당구 대왕판교로660, 지하 116호 (삼평동,유스페이스1) ",
166,홍루이젠 미금역점,18,휴게음식점,"경기 성남시 분당구 돌마로 67, 1층 108호 (금곡동,금산젬월드)",
167,칸쿤,18,일반주점,"경기 성남시 분당구 판교역로 230, B동 지하1층 B-119호 삼환하이펙스 (삼평동)",
168,우테이블 (주)굽다,18,일반음식점,"경기 성남시 분당구 동판교로177번길 25, 1층 105호 (삼평동,판교호반써밋플레이스)",
169,와바 판교테크노밸리점,18,일반주점,경기 성남시 분당구 삼평동 680번지 H스퀘어 201호,
170,명인만두(판교유스페이스점),18,일반음식점,"경기 성남시 분당구 대왕판교로 660, 1층 116호 (삼평동,유스페이스1)",
171,동달식당판교점,18,일반음식점,"경기 성남시 분당구 대왕판교로660, 1동 3층 307호 (삼평동,유스페이스 ",
172,나고미,18,일반음식점,"경기 성남시 분당구 판교역로 230, B동 지하1층 B-103호  (삼평동,삼환하이펙스)",
173,교촌치킨동판교,18,일반음식점 기타,"경기 성남시 분당구 판교역로192번길 12, 1층 일부 (삼평동,판교미래에셋센터)",
174,교동냉면,18,한식,"경기 성남시 분당구 판교역로 240, A동 B102호 (삼평동,삼환하이펙스)",
175,고대생막창,18,한식,"경기 성남시 분당구 판교역로241번길 22, 120 삼평동,판교M타워",
176,홍박사생고기,17,일반음식점,"경기 성남시 분당구 양현로 447 (야탑동,1층, 지하1층)",
177,카레뜰에,17,일반음식점,"경기 성남시 분당구 판교역로 231, 116호 (삼평동,에이치스퀘어에스동 지하1층)",
178,제너시스비비큐판교테크노밸리점주,17,치킨전문점,"경기 성남시 분당구 판교역로 231, S동 121호 (삼평동,에이치스퀘어)",
179,유나인유스페이스점,17,일반음식점 기타,경기 성남시 분당구 삼평동 670번지 유스페이스1 지하B107호,
180,봉추찜닭 판교테크노밸리점,17,일반음식점,"경기 성남시 분당구 대왕판교로 670, 210호 (삼평동,유스페이스몰2)",
181,맥주콜（판교점）,17,일반음식점기타,"경기 성남시 분당구 삼평동(대왕판교로 660) 유스페이스1제2층209-2호, ",
182,곱창고,17,일반음식점,"경기 성남시 분당구 대왕판교로 660, 1층 104호 일부 유스페이스1 (삼평동)",
183,유치회관(주)유치푸드,16,일반음식점,"경기 성남시 분당구 대왕판교로 140, 1층 (금곡동)",
184,속초 코다리,16,일반음식점,"경기 성남시 분당구 대왕판교로 670, 2층 220호 (삼평동,유스페이스2)",
185,가르텐,16,일반음식점,"경기 성남시 분당구 대왕판교로 660, 유스페이스1동지하1층B126호 (삼평동)",
186,(주)판교해우리,16,일반음식점,"경기 성남시 분당구 판교역로 145, 지하1층122,138,139,140,141,142호 (백현동,알파리움타워)",
187,후쿠오카모츠나베 판교점,15,일식/생선회집,"경기 성남시 분당구 대왕판교로 660, 204호 (삼평동,유스페이스1)",
188,차이나오라,15,중식전문점,"경기 성남시 분당구 대왕판교로 660, 2층 (삼평동,유스페이스 1동 234호,235호)",
189,붓처스컷 아브뉴프랑판교점,15,서양식전문점,"경기 성남시 분당구 동판교로177번길 25, 2층 232,233호 (삼평동,판교호반써밋플레이스)",
190,부스&더 치즈케익,15,일반음식점,"경기 성남시 중원구 성남대로 1150, 1층 (성남동,대원빌딩)",
191,맥도날드동판교점,15,패스트푸드점,"경기 성남시 분당구 삼평동 741번지 푸르지오월드마크1-17,18,19,30,31호2-9,10호",
192,달빛어시장,15,일식전문점,"경기 성남시 분당구 대왕판교로 660, 2층 210호 (삼평동,유스페이스1)",
193,네코부루본점엠비즈(주),15,일반음식점,"경기 성남시 분당구 판교로319번길13 (삼평동,,디데라스 1층 112호) ",
194,(주)감성타코 판교점,15,일반음식점,"경기 성남시 분당구 동판교로177번길 25, 2층 231,232호 (삼평동,판교호반써밋플레이스)",
195,한우랑돼지랑,14,일반음식점,"경기 성남시 수정구 사송로 48, 지층1층 (사송동)",
196,푸주옥설렁탕,14,일반음식점,"경기 성남시 수정구 대왕판교로 897, 1층 (시흥동)",
197,청계산담백미,14,일반음식점,"경기 성남시 수정구 달래내로 22, 1층 2층 (금토동)",
198,아이스걸크림보이판교점,14,아이스크림전문점,"경기 성남시 분당구 대왕판교로 660, 2층 228호 (삼평동,유스페이스1)",
199,스시가좋아서,14,일식전문점,"경기 성남시 분당구 판교로 372, 2층 202호 (삼평동,스타식스코아1)",
200,빨간뻘낙지,14,한식,"경기 성남시 분당구 안골로 28-2, 1층 (서현동)",
201,빅사이즈(BIGSIZE),14,일반음식점,"경기 성남시 분당구 판교로319번길 13, 108호 (삼평동,디테라스1층)",
202,밥볶다(동판교점),14,일반음식점,"경기 성남시 분당구 판교역로240, 지하1층 B115, B115-1호 (삼평동,삼 ",
203,더라운지,14,일반음식점,"경기 성남시 분당구 서판교로 162, 랜드리스타워1층101,102,103,104,105,106호 (판교동)",
204,꼬꼬와톡,14,일반음식점,"경기 성남시 분당구 판교역로 240, A동 1층 123호 (삼평동,삼환하이펙스)",
205,군산오징어판교테크노밸리점,14,일반음식점,"경기 성남시 분당구 대왕판교로 660, A동 310호 (삼평동,유스페이스)",
206,클준빛날영,13,일식전문점,"경기 성남시 분당구 판교역로 240, 지층 B126호 (삼평동,삼환하이펙스A동)",
207,짜야,13,중식전문점,경기 성남시 분당구 대왕판교로 393 (백현동),
208,진차이객잔,13,중식전문점,"경기 성남시 분당구 대왕판교로 660, 유스페이스몰 지하1층B128-4호 (삼평동)",
209,주식회사놀멍쉬멍,13,일반음식점,"경기 성남시 분당구 대왕판교로660, B동 501호 (삼평동,유스페이스1) ",
210,죠샌드위치판교테크노밸리점,13,서양식전문점,"경기 성남시 분당구 판교역로 231, B117,호 (삼평동,에이치스퀘어 에스동)",
211,인생극장쪽갈비,13,일반음식점,"경기 성남시 분당구 대왕판교로 660, 2층 211호 (삼평동,유스페이스1)",
212,야미가,13,일반음식점,경기 성남시 분당구 매화로56번길 12 (야탑동),
213,스시가오,13,일반음식점 기타,"경기 성남시 분당구 대왕판교로 660, 유스페이스1 지하층 B121호 (삼평동)",
214,본설판교테크노밸리점,13,일반음식점,"경기 성남시 분당구 판교역로 231, 1층 131호 (삼평동,에이치스퀘어 에스동)",
215,디바인,13,일반음식점 기타,"경기 성남시 분당구 돌마로 87, 110,111호 (금곡동,골드프라자)",
216,김인성의토평한우소곱창,13,한식,"경기 성남시 분당구 대왕판교로 660, 1층 121호 (삼평동,유스페이스1)",
217,고씨네대파차돌등심,13,일반음식점,"경기 성남시 분당구 대왕판교로 660, 2층 217,218,219호 (삼평동,유스페이스1)",
218,(주)신화푸드 돈블랑 판교점,13,한식,"경기 성남시 분당구 대왕판교로606번길 10, 1층 118, 119호 (백현동)",
219,정원오리부추구이,12,일반음식점,"경기 성남시 분당구 대왕판교로 670, 222호 (삼평동,유스페이스)",
220,원스팀드조개찜,12,일반음식점,"경기 성남시 분당구 대왕판교로 660, 1층 149호,150호 (삼평동,유스페이스1)",
221,오징어청춘,12,일식,"경기 성남시 분당구 삼평동 662  판교타워 116,117호 111,112호",
222,심야식당쿤,12,일식전문점,"경기 성남시 분당구 정자일로 121, A동1층 01,02호 (정자동,더샵스타파크 상가동)",
223,빈티지일구팔팔,12,양식,"경기 성남시 분당구 판교역로 231, 101호 (삼평동,에이치스퀘어 에스동)",
224,라무진,12,한식,"경기 성남시 분당구 대왕판교로 660, 2층 236호 (삼평동,유스페이스1)",
225,더피크닉,12,일반음식점,"경기 성남시 분당구 대왕판교로 660 (삼평동,유스페이스1,130호)",
226,대관령,12,한식,"경기 성남시 분당구 대왕판교로 660, 에이동 B110.B111호 (삼평동)",
227,낭사이공,12,일반음식점,"경기 성남시 분당구 판교역로 231, 지1층 B133호 (삼평동,에이치스퀘어 에스동)",
228,오발탄서현점,12,일반음식점,"경기 성남시 분당구 황새울로319번길 6 (서현동,정가빌딩 1층, 2층)",
229,후루룩손칼국수,11,한식,"경기 성남시 분당구 대왕판교로 670, 지1층 B103호(상평동,유스페이스2)",
230,판교인생곱창,11,일반음식점,"경기 성남시 분당구 판교역로192번길 16, 1층 102호,103호 (삼평동,판교타워)",
231,차알,11,중식전문점,"경기 성남시 분당구 판교역로 145 (백현동,알파리움타워2동, 2층 204호,205호)",
232,영심이 정자엠코점,11,일반음식점,"경기 성남시 분당구 정자일로 146, 129호 (정자역 엠코해리츠1단지1층,) (정자동)",
233,양바위정자본점,11,일반음식점,"경기 성남시 분당구 정자일로156번길 6 (정자동,뉴본타워1층 104,105,106,107호)",
234,애비로드,11,일반음식점 기타,"경기 성남시 분당구 대왕판교로 660, 115호 (삼평동,유스페이스1)",
235,셀렉토(서현우성점),11,일반음식점,"경기 성남시 분당구 돌마로 481, 1층 113-1호 (서현동,분당우성프라자)",
236,본도시락 판교테크노밸리점,11,일반음식점,"경기 성남시 분당구 판교역로 230, 삼환하이펙스 비동 지1층 B-102,102-1호 (삼평동)",
237,미카도,11,일식/생선회집,"경기 성남시 분당구 성남대로343번길 10-6, 2층 (정자동)",
238,림꼬또,11,일식/생선회집,"경기 성남시 분당구 판교역로 240, 삼환하이펙스A동 지하1층 B124호 (삼평동)",
239,꼬기식당,11,일반음식점,"경기 성남시 분당구 대왕판교로 660, 2층 213호 (삼평동,유스페이스1)",
240,판돈,10,일반음식점,"경기 성남시 분당구 대왕판교로 660, 2층 213호 (삼평동,유스페이스1)",
241,판교족발,10,일반음식점,"경기 성남시 분당구 판교역로 231, 1층 125호 (삼평동,에이치스퀘어 에스동)",
242,파리크라상키친 판교점,10,서양식전문점,"경기 성남시 분당구 대왕판교로606번길 58, 1층 9,10,11,12,36,37,38,39,40,41호 (삼평동, 판교푸르지오",
243,카페뚜띠함께하는사회적협동조합,10,식음료(기타),"경기 성남시 중원구 금상로 137, 지하1층 일부 (상대원동)",
244,카페194,10,서양식전문점,"경기 성남시 분당구 대왕판교로 670, 1층 112호 (삼평동,유스페이스2)",
245,청담이상판교점,10,일식/생선회집,"경기 성남시 분당구 판교역로192번길 22, 203(판교역로192번길 12,삼평동,미래에셋센터2층)",
246,조랭이부대찌개,10,일반음식점,"경기 성남시 분당구 판교역로 231, 비1층,102호 (삼평동,에이치스퀘어 에스동)",
247,아부,10,일반음식점,"경기 성남시 분당구 대왕판교로 670, 지하1층 112호 (삼평동,유스페이스2)",
248,써든스테이크 판교점,10,서양식전문점,"경기 성남시 분당구 대왕판교로 660, 지하1층 B123호 (삼평동,유스페이스1)",
249,솔밭삼겹살,10,일반음식점,"경기 성남시 분당구 황새울로 315, 1층 (서현동,대현빌딩)",
250,삼대곱창,10,일반음식점,"경기 성남시 분당구 대왕판교로 660, 2층 202호 (삼평동,유스페이스1)",
251,밥볶다동판교점,10,일반한식,"경기 성남시 분당구 판교역로 240, A동 지하1층 B115,B115-1호 (삼평동, 삼환하이펙스A동)",
252,미스터보쌈앤스탠딩스테이크분당정,10,일반음식점,"경기 성남시 분당구 황새울로12번길 11-2, 1층 (정자동)",
253,맥주냉장고,10,일반주점,"경기 성남시 분당구 판교역로 231, S동 1층 131호 (삼평동,에이치스퀘어)",
254,마시모(Massimo),10,서양식전문점,"경기 성남시 분당구 대왕판교로 670, 2층 209호 (삼평동,유스페이스2)",
255,도미노피자(판교점),10,패스트푸드점,"경기 성남시 분당구 서판교로 160, 106호~108호 (판교동,스타식스벨리)",
256,더 밸류 라운지,10,일반주점,"경기 성남시 분당구 대왕판교로 670 (삼평동,유스페이스2동3층310호)",
257,나나양꼬치,10,중식전문점,"경기 성남시 분당구 대왕판교로 670, 2층 213호 (삼평동,유스페이스2)",
258,행복가,9,일반음식점,"경기 성남시 분당구 운중로146번길 19-4, 1층 전체 (운중동)",
259,하누비노,9,일반음식점,"경기 성남시 분당구 정자일로 136, 1층 101,102호 (정자동,정자역 엠코헤리츠3단지)",
260,포크포크,9,일반음식점,"경기 성남시 분당구 대왕판교로 670, 유스페이스2지하1층B104호 (삼평동)",
261,통통! 낙지마을,9,일반음식점,경기 성남시 분당구 판교역로 230 (삼평동),
262,코벤트가든,9,서양식전문점,"경기 성남시 분당구 대왕판교로 660, 유스페이스1지하1층108호 (삼평동)",
263,청여수,9,일반음식점,"경기 성남시 분당구 판교역로 230, B동 B112호 (삼평동,삼환하이펙스)",
264,어선,9,일식전문점,경기 성남시 분당구 효자길 11 (서현동),
265,스시혼,9,일식전문점,"경기 성남시 분당구 분당내곡로 150,2층202호(삼평동,판교호반써밋플레이스)",
266,소메랑판교점,9,일반음식점,"경기 성남시 분당구 판교역로 230, B동 제지1층 제비111호 (삼평동,삼환하이펙스)",
267,삼성웰스토리(주)분당서울대병원,9,일반음식점,"경기 성남시 분당구 구미로173번길 82, 지하1층 일부 (구미동,분당서울대학교병원)",
268,봄날에청국장,9,한식,"경기 성남시 분당구 정자일로 210, 102동 102호  지하 (정자동,동양정자파라곤)",
269,벗얼라이브(butalive),9,일반음식점,"경기 성남시 분당구 판교역로 235, 엔,동 1층 107호 (삼평동,에이치스퀘어)",
270,만족오향족발,9,일반음식점,"경기 성남시 분당구 대왕판교로606번길 10 (백현동, 알파리움 타워1동 2층 209호, 210호, 211호)",
271,동청담,9,중식,"경기 성남시 분당구 대왕판교로606번길 45, 2층 206호 (삼평동,판교역푸르지오시티)",
272,데블스램앤펍 판교점,9,한식,"경기 성남시 분당구 대왕판교로 660, 107호108호 (삼평동)",
273,논현동부자떡볶이,9,일반음식점,"경기 성남시 분당구 판교역로 240, A동 지하1층 비-120-1호 (삼평동,삼환하이펙스)",
274,나따오비까,9,휴게음식점,"경기 성남시 분당구 대왕판교로 670, 130호 (삼평동,유스페이스2)",
275,김치도가판교테크노밸리점,9,한식,"경기 성남시 분당구 판교역로 231-0,지하1층 B133호 (삼평동) ",
276,강된장114,9,일반음식점,"경기 성남시 분당구 판교역로 240, 비-114호,삼환하이펙스A동 (삼평동)",
277,칼디커피더팜판교,8,일반음식점,"경기 성남시 분당구 판교역로 230, B동 1층 106호 (삼평동,삼환하이펙스)",
278,최고집손짬뽕,8,중식,"경기 성남시 분당구 판교역로10번길 12-9, 1층 (백현동)",
279,전주장작불곰탕,8,일반음식점,"경기 성남시 분당구 하오개로 345, 1층 (운중동)",
280,자연산산꼼장어,8,일반음식점,"경기 성남시 분당구 판교역로192번길 22, 1층 108,109호 (삼평동,판교 효성 해링턴 타워)",
281,을지로골뱅이호프,8,일반주점,"경기 성남시 분당구 판교역로 240, A동 1층 124호 (삼평동,삼환하이펙스)",
282,육덕등심정자점(주)나비잠,8,일반음식점,"경기 성남시 분당구 정자일로 135 (정자동,정자동3차 푸르지오시티 D동 2층 206호,206-1호)",
283,연안식당판교역점,8,일반음식점,"경기 성남시 분당구 판교역로 152, 2층 2,3호 (백현동,판교알파돔시티)",
284,소바니우동,8,일식/생선회집,"경기 성남시 분당구 대왕판교로 660, B122(삼평동 유스페이스1지1층)",
285,서현궁,8,한식,경기 성남시 분당구 서현동 195-2,
286,미감만족정원,8,일반음식점,"경기 성남시 분당구 대왕판교로 670, B동 212호 (삼평동,유스페이스2)",
287,맛있는초밥집,8,일식/생선회집,"경기 성남시 분당구 성남대로331번길 13, 1동 112호 (정자동)",
288,마리웨일신흥사거리점,8,일반음식점,"경기 성남시 중원구 산성대로 246, 1층 (중앙동)",
289,림꼬또(LimCotto),8,일식전문점,"경기 성남시 분당구 내정로173번길 11, 지하1층 B08호 (수내동,주상복합상가 603)",
290,뚝심한우분당점,8,일반음식점,"경기 성남시 분당구 대왕판교로 102,외5필지 1층(금곡동)",
291,더밸류라운지,8,일반주점,"경기 성남시 분당구 대왕판교로 670-0,310(삼평동,유스페이스2동3층) ",
292,닭갈비야,8,한식,"경기 성남시 분당구 판교역로 230, (삼평동,상환하이펙스B동208-2,208-3호)",
293,달구벌뭉티기,8,일반음식점,"경기 성남시 분당구 황새울로319번길 6, 201호~207호 (서현동,텍스타워)",
294,고구려판교점(주)덕용푸드시,8,일반음식점,"경기 성남시 분당구 대왕판교로606번길 58, 2층 2-42~46호 (삼평동,판교푸르지오월드마크)",
295,(주)크래버대게나라,8,일반음식점,"경기 성남시 분당구 판교역로 178,13층1302호(삼평동,서건타워)",
296,(주)청부인,8,일식전문점,"경기 성남시 분당구 대왕판교로606번길 31, 1층 103호 (삼평동)",
297,(주)상원푸드,8,한식,경기 성남시 수정구 시흥동 37,
298,(주) 내추럴푸드,8,일반음식점,"경기 성남시 분당구 대왕판교로 660, B동 127호 (삼평동,유스페이스1)",
299,훠궈야판교아브뉴프랑점,7,중식전문점,"경기 성남시 분당구 동판교로177번길 25, 2층 223호,224호,225호 (삼평동,판교호반써밋플레이스)",
300,화종반,7,일반음식점,"경기 성남시 분당구 판교역로 231, 지1층,101호 (삼평동,에이치스퀘어 에스동)",
301,하누마루판교본점(주)제니스,7,일반음식점,"경기 성남시 분당구 분당내곡로117, 크래프톤타워, ,2층일부호 (백현동 ",
302,판교도마집,7,일반음식점,"경기 성남시 분당구 판교역로192번길 14-1, 1층 (삼평동,판교예미지)",
303,주식회사닥터브레인,7,기타식음료품,"경기 성남시 분당구 구미로173번길47, 162호 (구미동,서울시니어스분당 ",
304,올라7,7,일반음식점 기타,"경기 성남시 분당구 분당내곡로 150, 115판교플레이스 (삼평동)",
305,엠비즈 주식회사 도담,7,일반음식점 기타,"경기 성남시 분당구 판교로319번길 13, 1층102호일부,103호 (삼평동)",
306,아끼화로판교점,7,한식,"경기 성남시 분당구 판교역로241번길 22, 1층 104,105,106호 (삼평동,엠타워)",
307,스팅거파트너스 주식회사,7,일반음식점 기타,"경기 성남시 분당구 대왕판교로 660, 3층 324호 (삼평동,유스페이스1)",
308,스시고산,7,일식전문점,"경기 성남시 분당구 백현로101번길 16, 2층 206호 (수내동,대덕프라자)",
309,송도이동갈비천지연판교점,7,일반음식점,"경기 성남시 분당구 판교로227번길 6, 1층 124~132호 (삼평동,판교테크노밸리브릿타워)",
310,분당구상록면,7,일식전문점,"경기 성남시 분당구 대왕판교로 660 (삼평동,유스페이스1,지하1층B109호)",
311,별찬가,7,휴게음식점,"경기 성남시 분당구 성남대로 381, 1층 113호 (정자동,폴라리스빌딩)",
312,미방(판교점),7,일반음식점,"경기 성남시 분당구 대왕판교로 670, 1층 128호 (삼평동,유스페이스2)",
313,모비딕,7,일반음식점,"경기 성남시 분당구 대왕판교로606번길 45, 1층 114호 (삼평동,판교역푸르지오시티)",
314,메양꼬치,7,일반음식점 기타,"경기 성남시 분당구 판교역로 230, (삼평동,삼환하이펙스비동제지층제비-106호)",
315,느티울공원갈비,7,한식,"경기 성남시 중원구 성남대로1048번길 39-0,1,2층 (여수동) ",
316,나고야,7,일식전문점,"경기 성남시 수정구 대왕판교로 846, 1층 (시흥동)",
317,긴자,7,일식전문점,경기 성남시 분당구 새마을로 75 (서현동),
318,굽네치킨동판교점,7,치킨전문점,"경기 성남시 분당구 대왕판교로644번길 65, 103호 (삼평동,가상가동)",
319,(주)에덴낙원,7,호텔(특급외),경기 성남시 분당구 불정로 128 (정자동),
320,홍루이젠서현점,6,휴게음식점,"경기 성남시 분당구 서현로210번길 1-0,1층 102호 (서현동,보람코아) ",
321,홀썸치킨,6,치킨전문점,"경기 성남시 분당구 대왕판교로606번길 58, 1층1-66호,1-67호 (삼평동,판교푸르지오월드마크)",
322,할매순대국,6,일반음식점,"경기 성남시 분당구 돌마로366번길 42, 1층 (수내동,동한프라자)",
323,한우나리,6,일반음식점,"경기 성남시 분당구 판교로 182-7, 지하1층 (판교동)",
324,하누비노서현점,6,한식,"경기 성남시 분당구 황새울로 314, 1층 (서현동,유니퀘스트사옥)",
325,청오디피케이(주)판교점,6,패스트푸드점,"경기 성남시 분당구 서판교로 160, 106호,107호,108호 (판교동,스타식스밸리)",
326,진궁,6,중식전문점,"경기 성남시 분당구 성남대로916번길 5, 2층 201호 일부 (야탑동,관보골든쇼핑스포츠빌딩)",
327,일미식당,6,일반음식점,경기 성남시 수정구 수정로180번길 5 (신흥동),
328,원조닭한마리칼국수전문,6,일반음식점,"경기 성남시 분당구 판교역로240, 삼환하이펙스A동 지하1층B108호 (삼 ",
329,연경,6,중식,"경기 성남시 분당구 서현로 170, 2층 225호 (서현동,풍림아이원플러스)",
330,여수바다장어구이,6,일반음식점,"경기 성남시 분당구 궁내로7번길 15, 지하1층 전부,1층전부,2층전부 (궁내동)",
331,에머이판교점,6,일반음식점,"경기 성남시 분당구 대왕판교로606번길 31, 105, 106, 107호 (삼평동)",
332,신도세기판교역점(주)다얼팜에프,6,일반음식점,"경기 성남시 분당구 판교역로 152, 2(일부)층 (백현동,알파돔타워)",
333,스시엔스시한조,6,일식/생선회집,"경기 성남시 분당구 황새울로335번길 5, (서현동,A동104,105,106,107,108호)",
334,스시료코,6,일식전문점,"경기 성남시 분당구 수내로 38, 1층 101호 (수내동,두산위브센티움1)",
335,스모크가든,6,일반음식점,"경기 성남시 수정구 달래내로377번길 31, 1,2층 (상적동)",
336,소데스네판교점(주)13마일,6,서양식전문점,"경기 성남시 분당구 판교로319번길13, 1층 111호 (삼평동) ",
337,센트럴차이나,6,중식전문점,"경기 성남시 분당구 판교역로192번길 14-1, 2층 전체 (삼평동,판교예미지)",
338,사쿠라테이엔,6,일반음식점,"경기 성남시 분당구 대왕판교로606번길 45, 1층 105호 (삼평동,판교역푸르지오시티)",
339,빕스판교점,6,서양식전문점,"경기 성남시 분당구 삼평동 740판교호반써밋플레이스2층201호,244호,245호,246호,247호",
340,빅사이즈,6,패스트푸드점,"경기 성남시 분당구 삼평동 691 (경기 성남시 분당구 판교로319번길 13 108(삼평동,디테라스))",
341,비에이치씨판교점,6,치킨전문점,"경기 성남시 분당구 대왕판교로606번길 45, 1층 103호 (삼평동,판교역푸르지오시티)",
342,블루샹하이,6,중식전문점,"경기 성남시 분당구 정자일로 197, 206,207,208,209호 (정자동)",
343,블루밍가든아브뉴프랑판교점,6,서양식전문점,"경기 성남시 분당구 동판교로177번길 25, 1층 135호 (삼평동,판교호반써밋플레이스)",
344,본도시락모란점,6,일반음식점,"경기 성남시 중원구 제일로 41, 1층 (성남동)",
345,별별치킨,6,일반주점,"경기 성남시 분당구 판교역로 231, 삼평동,에이치스퀘어에스동지하1층B122",
346,방아깐,6,일식전문점,경기 성남시 분당구 운중로267번길 13-5 (판교동),
347,맘스터치분당서현점,6,패스트푸드점,"경기 성남시 분당구 불정로376번길7, 1층 (서현동,건일빌딩) ",
348,더 밸류 펍,6,일반주점,"경기 성남시 분당구 대왕판교로 670, 3층 316호 (삼평동,유스페이스2)",
349,내니스,6,일반음식점,"경기 성남시 분당구 동판교로177번길 25, 2층 202호 (삼평동,판교호반써밋플레이스)",
350,까로치아카페,6,일반음식점,"경기 성남시 분당구 판교역로 240 (삼평동,지하1층121호)",
351,김초생초,6,일식/생선회집,경기 성남시 분당구 궁내동 192-3 1층일부(104호),
352,광명수산 호시로,6,일반음식점,"경기 성남시 분당구 대왕판교로606번길 31, 129,130호 (삼평동)",
353,SUSHIKUN,6,일식/생선회집,"경기 성남시 분당구 정자일로 121-0,에이-1호(장자동, 더샵스타파크) ",
354,(주)엠에프지코리아매드포갈릭,6,서양식전문점,"경기 성남시 분당구 대왕판교로606번길 10(알파리움 타워1동 2층 219호,220호,221호)",
355,홍대칼국수와족발,5,일반음식점,"경기 성남시 분당구 대왕판교로606번길 45, 1층 (삼평동,푸르지오시티)",
356,하버,5,양식,"경기 성남시 분당구 대왕판교로606번길 31, 삼평동,호반메트로큐브120호.121호.122호",
357,판교테크노밸리호텔,5,호텔(특급외),"경기 성남시 분당구 판교역로192번길 12, 8층 (삼평동,판교미래에셋타워)",
358,철뚝집수내점,5,일반음식점,경기 성남시 분당구 발이봉로3번길 10 (수내동),
359,천수만 메밀 해물 칼국수,5,일반음식점,"경기 성남시 수정구 대왕판교로 759, 2층 (금토동,금토동근린생활시설)",
360,챠오바라이트판교점,5,일반음식점,"경기 성남시 분당구 대왕판교로 660, 유스페이스1.1층125호 (삼평동)",
361,찰스숯불김밥판교점,5,일반음식점,"경기 성남시 분당구 대왕판교로 660, 지하1층 B106호 (삼평동,유스페이스1)",
362,진궁숯불구이전문점,5,일반음식점 기타,"경기 성남시 분당구 대왕판교로 102, 1층 (금곡동)",
363,주식회사아썸아이디어,5,양식,"경기 성남시 분당구 대왕판교로 660, 1동-215(삼평동,유스페이스몰)",
364,주식회사신화푸드푸드빌리지판교점,5,한식,"경기 성남시 분당구 판교로 185, 3층 (판교동)",
365,을지로왕노가리,5,일반주점,"경기 성남시 분당구 대왕판교로 660, 1층 147호 (삼평동,유스페이스1)",
366,에버브라운,5,일반주점,"경기 성남시 분당구 하오개로344번길 3, 1층일부,2층일부 (운중동)",
367,생활맥주(판교유스페이스점),5,일반주점,"경기 성남시 분당구 대왕판교로 660, 1층 142호 (삼평동,유스페이스1)",
368,샘밭막국수,5,일반음식점,"경기 성남시 분당구 서판교로44번길 13, 1층 (판교동)",
369,빌링(1)_이니시스,5,기타PG,"경기 성남시 분당구 대왕판교로 660 (삼평동,유스페이스1 A동 5층)",
370,별미족발,5,한식,"경기 성남시 분당구 판교역로192번길 14-1,1층 105호 (삼평동,판교예미 ",
371,버거킹판교유스페이스점,5,패스트푸드,"경기 성남시 분당구 대왕판교로 660  (삼평동, 유스페이스1)",
372,매드후라이드치킨 판교점,5,치킨전문점,"경기 성남시 분당구 판교역로192번길 14-1, 1층 108 109 110 111호 (삼평동,판교예미지)",
373,마쯔리,5,한식,경기 성남시 분당구 야탑동 373-10 1층,
374,루아참치,5,일식전문점,"경기 성남시 분당구 대왕판교로606번길 58, 1층 1-114, 1-115호 (삼평동,판교푸르지오월드마크)",
375,루루,5,중식전문점,"경기 성남시 분당구 효자길 29, 1층 (서현동)",
376,라디오베이 판교점,5,서양식전문점,"경기 성남시 분당구 판교역로192번길 12,2층 일부(삼평동,판교미레에셋센터)",
377,대초원양갈비양꼬치,5,일반음식점,"경기 성남시 분당구 대왕판교로 660, 161호162호 유스페이스1 (삼평동)",
378,대로식당,5,일반음식점,"경기 성남시 분당구 새마을로 41 (서현동,지하1층 전부,1층전부)",
379,단바쿠라멘,5,일식전문점,"경기 성남시 분당구 판교역로235, 1층 102호 (삼평동,에이치스퀘어 엔 ",
380,국수집,5,일반음식점,"경기 성남시 분당구 판교역로192번길 14-1, 1층 일부 (삼평동,판교예미지)",
381,계절밥상판교점,5,서양식전문점,"경기 성남시 분당구 분당내곡로 150,2층216호(삼평동,판교호반써밋플레이스)",
382,1466무명판교메리어트호텔점,5,일반음식점,"경기 성남시 분당구 판교역로192번길 12, 204호 (삼평동,판교미래에셋센터)",
383,(주)장수천,5,일반음식점,"경기 성남시 분당구 대왕판교로 282, 1층일부,2층일부 (궁내동)",
384,(주)송추가마골판교지점,5,일반음식점,"경기 성남시 분당구 판교역로 145, 타워2동 2층 225호,226호,227호,228호(알파리움)",
385,(주)부론,5,정육점,"경기 성남시 분당구 분당내곡로 151, 1층 102호 (삼평동)",
386,후라토식당,4,일식전문점,"경기 성남시 분당구 동판교로177번길 25, 2층 220호 (삼평동,판교호반써밋플레이스)",
387,현복집(판교점),4,일반음식점,"경기 성남시 분당구 대왕판교로606번길 10, 2층 215호,216호. (백현동,알파리움 타워1동 )",
388,하누선수,4,한식,"경기 성남시 분당구 백현로101번길 21, 1층 (수내동,풍해빌딩)",
389,피자알볼로 판교점,4,패스트푸드점,경기 성남시 분당구 서판교로32번길 3-5 (판교동),
390,푸치니,4,서양식전문점,"경기 성남시 분당구 판교로25번길 6-3, 1층 (운중동)",
391,포야,4,일반음식점,"경기 성남시 분당구 판교역로 240, 205호 (삼평동,삼환하이펙스A동)",
392,팔선,4,중식전문점,"경기 성남시 분당구 성남대로916번길7, 2층 206호 (야탑동,서일빌딩) ",
393,판교 인생곱창,4,한식,"경기 성남시 분당구 판교역로192번길 16, 제1층 102호,103호 (삼평동)",
394,테이블스푼,4,일반음식점,"경기 성남시 분당구 대왕판교로 660, 1층 139호 (삼평동,유스페이스1)",
395,커피밀,4,휴게음식점,"경기 성남시 분당구 판교역로 230, B동 115호 (삼평동)",
396,카페에스파니,4,일반음식점,"경기 성남시 수정구 성남대로1226번길 2, 1층 (수진동)",
397,청춘우삼겹,4,일반음식점,"경기 성남시 분당구 대왕판교로 660, 1층 117호 (삼평동,유스페이스1)",
398,천하일품생대구탕,4,한식,"경기 성남시 분당구 판교로 430, 상가 2층 201호 (이매동,아름마을건영)",
399,채운,4,일반음식점,"경기 성남시 분당구 하오개로 341, 2층,3층 (운중동,연희빌딩)",
400,채선당플러스 판교역점,4,한식,"경기 성남시 분당구 대왕판교로606번길 47, 3층 301호 (삼평동,SG타워)",
401,참치에반하다,4,일식전문점,"경기 성남시 분당구 동판교로52번길25-1, 1층 일부 (백현동) ",
402,참치랜드,4,일식전문점,경기 성남시분당구 야탑동 533-8 미라보상가지상 1층 6호,
403,쭈락,4,일반음식점,"경기 성남시 분당구 성남대로331번길 3-9, (백궁프라자3 2층203,204,205호) (정자동)",
404,즐삼생고기,4,일반음식점,"경기 성남시 분당구 대왕판교로 670, 지1층 B119-4호, B119-5호 뮤스페이스2 (삼평동)",
405,주유별장,4,일반음식점,"경기 성남시 분당구 판교역로192번길 12 (삼평동,판교 미래에셋센터 2층일부(202호))",
406,정선한우,4,일반음식점,"경기 성남시 분당구 하오개로 357, 1층 (운중동)",
407,저스트기네스,4,일반주점,"경기 성남시 분당구 대왕판교로606번길 45, 1층 119호 (삼평동,판교역푸르지오시티)",
408,자산어보 판교점,4,일반음식점,"경기 성남시 분당구 대왕판교로606번길 10 (백현동,알파리움 타워1동 2층 201호, 202호)",
409,이가네양갈비판교점,4,중식전문점,"경기 성남시 분당구 판교역로145, 1층114,115호 (백현동,알파리움2단지 ",
410,을밀대,4,일반음식점,"경기 성남시 분당구 서현로257번길 7, 1층전부 (서현동)",
411,원할머니보쌈판교점,4,일반음식점,"경기 성남시 분당구 대왕판교로 670,(삼평동,유스페이스2 2층207호)",
412,우리네코다리대명점,4,일반음식점,"경기 성남시 분당구 내정로173번길 11 (수내동,(양지마을 주상복합상가603동2층216호))",
413,역전국수,4,일반음식점,"경기 성남시 분당구 성남대로925번길 16, 402호 (야탑동,성남여객자동차터미널 지상1)",
414,안주의신,4,일반음식점 기타,경기 성남시 분당구 삼평동 대왕판교로606번길 45 판교역푸르지오시티113호,
415,안동국시소호정,4,일반음식점,"경기 성남시 분당구 새마을로 55, 1,2,3층 (서현동)",
416,실리쌈,4,한식,"경기 성남시 분당구 판교역로192번길 14-1, 삼평동 판교예미지빌딩1층105호",
417,신쿵푸마라탕,4,일반음식점 기타,"경기 성남시 분당구 대왕판교로 670, 2층 221호 (삼평동,유스페이스2)",
418,신계동장어,4,한식,"경기 성남시 분당구 대왕판교로 358, 1층 (백현동)",
419,슬로우먼데이,4,일반음식점,"경기 성남시 분당구 대왕판교로606번길 10, 타워1동 1층 130호, 131호 (백현동,알파리움1단지)",
420,스시쵸우센,4,일식/생선회집,"경기 성남시 분당구 황새울로319번길 6, 1층 104호 (서현동,텍스타워)",
421,스시 혼,4,일식/생선회집,"경기 성남시 분당구 분당내곡로 150, 202호 (삼평동,아브뉴프랑)",
422,쉐이크쉑 AK분당플라자점,4,일반음식점,"경기 성남시 분당구 황새울로360번길 42, 1층 일부 (서현동,AKPLAZA분당점)",
423,순우가,4,일반음식점,"경기 성남시 분당구 대왕판교로645번길 36 (삼평동,NS복합건축물 주건축물제1동 지하1층 일부)",
424,생활맥주판교역점(주)데일리비어,4,일반주점,"경기 성남시 분당구 판교역로192번길 16, 106호 (삼평동,판교타워)",
425,생어거스틴 아브뉴프랑판교점,4,일반음식점,"경기 성남시 분당구 동판교로177번길 25, 2층 230호 (삼평동,판교호반써밋플레이스)",
426,삼육가,4,일반음식점,"경기 성남시 분당구 성남대로926번길 20 (야탑동,,1층전부)",
427,사위식당,4,일반음식점,"경기 성남시 분당구 판교역로152, 2층 일부 (백현동,알파돔타워) ",
428,보드게임카페레드버튼서현점,4,일반음식점,"경기 성남시 분당구 분당로53번길19, 4층 401-2호 (서현동,피아자코코 ",
429,백향목,4,일반음식점,"경기 성남시 분당구 정자일로198번길 15, 2층 204,205호 (정자동,제나프라자빌딩)",
430,백마강참숯민물장어,4,한식,"경기 성남시 분당구 안양판교로 1192, (백현동)",
431,문어천하,4,일반음식점,"경기 성남시 분당구 장미로108번길 12, 1층 (야탑동)",
432,명가원설농탕,4,일반음식점,"경기 성남시 분당구 장미로48번길14, 104,105호 (야탑동,엔즈빌오피스 ",
433,마라공방,4,중식,"경기 성남시 분당구 판교역로192번길 12-0,206호 (삼평동,판교미래에셋 ",
434,도담엠비즈(주),4,일반음식점,"경기 성남시 분당구 판교로319번길 13, 1층102호일부,103호 (삼평동,디테라스)",
435,대구허군숯불막창,4,일반음식점,"경기 성남시 분당구 대왕판교로 660 (삼평동,유스페이스 1층 137호)",
436,담소소사골순대국,4,일반음식점,"경기 성남시 분당구 황새울로335번길 10, 1층 104호 (서현동,멜로즈프라자)",
437,낭만칼쟁이,4,일반음식점,"경기 성남시 분당구 판교역로 235, 1층 129호 (삼평동,에이치스퀘어 엔동)",
438,김가네정자역점,4,일반음식점,"경기 성남시 분당구 성남대로 393, A동 102호 (정자동,두산위브파빌리온)",
439,교동전선생(판교테크노밸리점),4,일반음식점,"경기 성남시 분당구 대왕판교로 670, 2층 223호 (삼평동,유스페이스2)",
440,고봉민김밥(분당삼평),4,일반음식점 기타,"경기 성남시 분당구 판교로 375 1층 105호 (삼평동,메가스페이스1)",
441,감성쪽갈비,4,일반음식점,"경기 성남시 분당구 대왕판교로 660, 2층 211호 (삼평동,유스페이스1)",
442,감미옥,4,한식,"경기 성남시 분당구 탄천로 181, (야탑동)",
443,(주)엔비전,4,일반음식점,"경기 성남시 분당구 판교역로240, A동 1층 118호 (삼평동,삼환하이펙스 ",
444,(주)에이젠에프브이,4,기타 식품,"경기 성남시 분당구 판교역로 235, N동 129호 (삼평동,에이치스퀘어)",
445,(주)샤이바나판교점,4,서양식전문점,"경기 성남시 분당구 동판교로177번길25, 112호 (삼평동,아브뉴프랑) ",
446,(주)리앤푸드아브뉴프랑판교,4,서양식전문점,"경기 성남시 분당구 동판교로177번길 25, 1층 125호 (삼평동,판교호반써밋플레이스)",
447,(주)루프엑스,4,일반음식점,"경기 성남시 분당구 동판교로52번길 25-16 (백현동,,1층전부)",
448,황제능이해신탕,3,일반음식점,"경기 성남시 수정구 오야남로 3, 2층 (오야동)",
449,홍루이젠 분당정자점,3,휴게음식점,"경기 성남시 분당구 느티로 27, 103-1호 (정자동,하나프라자)",
450,헬로피쉬,3,일식전문점,"경기 성남시 분당구 대왕판교로606번길 45, 1층 109호 (삼평동,판교역푸르지오시티)",
451,헬로오드리(HelloAudre,3,일반음식점,경기 성남시 분당구 석운로202번길 12 (석운동),
452,함관령,3,한식,"경기 성남시 분당구 산운로32번길 14, 1층(운중동)",
453,한소헌,3,일반음식점,"경기 성남시 분당구 성남대로331번길 3-3, 2층 206호 (정자동,젤존타워III)",
454,프로스넥,3,일반음식점,"경기 성남시 분당구 성남대로331번길 13, 806호 일부 (정자동)",
455,푸드홀,3,일반음식점,"경기 성남시 분당구 구미로173번길 82, 신관 지하1층 일부 (구미동,분당서울대병원)",
456,평양면옥,3,일반음식점,"경기 성남시 분당구 안골로 27,1층(서현동,서현동)",
457,판쓰리솥뚜껑생김치삼겹살,3,일반음식점,"경기 성남시 분당구 내정로7번길 6-2, 1층 (정자동)",
458,판 (PAN),3,서양식전문점,"경기 성남시 분당구 판교로289번길 20, 1층 일부 (삼평동,판교테크노밸리스타트업캠퍼스)",
459,파파존스판교점,3,패스트푸드점,"경기 성남시 분당구 서판교로154, 2층 204호 (판교동,낙생빌딩) ",
460,파파존스 판교점,3,패스트푸드점,"경기 성남시 분당구 서판교로 154, 204호 (판교동,낙생빌딩)",
461,통통곱창,3,한식,"경기 성남시 분당구 대왕판교로606번길 45, 1층 102호 (삼평동,판교역푸르지오시티)",
462,타이거슈가판교점(주)슈거마틴,3,일반음식점,"경기 성남시 분당구 판교역로231, S동 1층 108호 (삼평동,에이치스퀘어 ",
463,콩뿌리,3,일반음식점,"경기 성남시 분당구 운중로 132, 1층 108호,109호 (운중동,큐브타워)",
464,콘비노,3,서양식전문점,"경기 성남시 분당구 돌마로522번길 10-1, 1층 (서현동)",
465,카츄마마,3,일반음식점,"경기 성남시 분당구 정자일로 136, C동1층113,114호 (정자동,정자 엠코헤리츠3단지)",
466,치킨마루판교테크노밸리점,3,일반한식,경기 성남시 분당구 삼평동 681  에이치스퀘어 엔동 101호 102호,
467,최가돈까스,3,한식,"경기 성남시 분당구 정자일로 210, 상가 지하1층 104호 (정자동,동양정자파라곤)",
468,천지연판교점,3,일반음식점,"경기 성남시 분당구 판교로 185,1층(판교동)",
469,진미복집,3,기타음식점,경기 성남시 분당구 효자길 21 (서현동),
470,진궁운중점,3,중국식,"경기 성남시 분당구 운중로125번길 3, 1층 (운중동)",
471,주식회사지오쿠치나,3,양식,"경기 성남시 분당구 황새울로200번길 34, 1층 101호 (수내동,코포모빌딩)",
472,주식회사뚝심분당점,3,한식,"경기 성남시 분당구 대왕판교로 102, 금곡동",
473,종로떡방,3,기타식음료품,"경기 성남시 분당구 돌마로86, 2동 105호 (구미동,엘레강스프라자) ",
474,조선화로집(분당서현점),3,한식,"경기 성남시 분당구 서현로 170-0,3층 (서현동) ",
475,전지방순대국,3,일반음식점,"경기 성남시 분당구 야탑로105번길 13, 1층 (야탑동)",
476,전국5대짬뽕(연화산),3,중식전문점,"경기 성남시 분당구 서판교로58번길14, 1층 전부 (판교동) ",
477,장원,3,일반음식점,"경기 성남시 수정구 공원로 322, 상가동 201호 (신흥동,신동아파라디움)",
478,인디테이블,3,일반음식점,"경기 성남시 분당구 동판교로177번길 25, 1층 109호 (삼평동,판교호반써밋플레이스)",
479,이삭토스트미금점,3,패스트푸드점,경기 성남시 분당구 금곡동 153썬플라자106,
480,윤밀원,3,일반음식점,"경기 성남시 분당구 불곡남로13번길 3, 1층 (정자동)",
481,육첩반상,3,일반음식점,"경기 성남시 분당구 성남대로 151, 2층 211-1호 (구미동,분당엠코헤리츠)",
482,육대장,3,일반음식점,경기 성남시 분당구 판교동 511-6번지 1층 일부,
483,워터화이트,3,일반음식점,"경기 성남시 분당구 판교역로 230, B동 1층 116호 (삼평동,삼환하이펙스)",
484,오너쉐프,3,서양식전문점,"경기 성남시 분당구 대왕판교로 670, B111호 유스페이스2지1층, (삼평동)",
485,영풍치킨분당점,3,패스트푸드,"경기 성남시 분당구 성남대로916번길 5, 201호 (야탑동, 관보골든스포츠)",
486,여수동안채,3,일반음식점,"경기 성남시 중원구 성남대로997번길 27-17, 지하1층 (여수동)",
487,아웃백서현점,3,서양식전문점,경기 성남시 분당구 서현로192 (서현동) ,
488,씨제이올리브네트웍스(주)판교유스페이스점,3,일반잡화판매점,"경기 성남시 분당구 대왕판교로 660, (삼평동)",
489,써브웨이 성남터미널점,3,패스트푸드점,"경기 성남시 분당구 성남대로925번길 16, 1층 112호 일부 (야탑동,분당종합터미널)",
490,신황산벌,3,일반음식점,"경기 성남시 수정구 달래내로40, 지층 (금토동) ",
491,신사스테이크,3,양식,"경기 성남시 분당구 판교역로 230, B동 124호 (삼평동,삼환하이펙스)",
492,시즌,3,양식,"경기 성남시 분당구 판교역로192번길 16, 1층 105호 (삼평동,판교타워)",
493,스시앤스시,3,일식/생선회집,"경기 성남시 분당구 백현로101번길 11, (수내동)",
494,수 숯불직화꼬치구이,3,일반음식점,"경기 성남시 분당구 대왕판교로 660, 1층 124호 (삼평동,유스페이스1)",
495,송화양꼬치,3,중식전문점,경기 성남시 분당구 장미로100번길 15-11 (야탑동),
496,삼성분식,3,일반음식점 기타,"경기 성남시 분당구 양현로 220, 102(이매동,상가비동)",
497,삼다옥 1947,3,일반음식점,"경기 성남시 분당구 황새울로258번길 28, 1층 (수내동,한산이씨좌랑공파종중사옥)",
498,뿅의전설 야탑점,3,중식전문점,"경기 성남시 분당구 야탑로139번길 2, (지상1층전부,지하1층 일부) (야탑동)",
499,비어웍스정자역점,3,일반주점,"경기 성남시 분당구 정자일로 162, 1층 108호 (정자동, 젤존타워2)",
500,블루밍가든 아브뉴프랑 판교점,3,양식,"경기 성남시 분당구 분당내곡로 150, (삼평동,1층)",
501,분당양자강,3,중식전문점,"경기 성남시 분당구 탄천상로 164, 지하1층 비 1-4호 (구미동,시그마2오피스텔)",
502,부자뿅의전설,3,중식전문점,"경기 성남시 수정구 복정로 105, 1층 (복정동)",
503,부경정,3,일반음식점,"경기 성남시 분당구 금곡로7번길 14 (구미동,,1층))",
504,봉피양(분당),3,일반음식점,"경기 성남시 분당구 정자일로 121, 1층 디-9,10,11호, (정자동)",
505,봄베이브로이(Bombay B,3,일반음식점,"경기 성남시 분당구 판교역로2번길 25, 1층 (백현동)",
506,반포식스판교역점,3,일반음식점 기타,"경기 성남시 분당구 판교역로192번길 12, 삼평동,판교미래에셋센터2층일부",
507,바른스시동판교점,3,일식전문점,"경기 성남시 분당구 판교역로2번길 6, 1층 전부 (백현동,태훈빌딩)",
508,바르다김선생 판교점,3,일반음식점,"경기 성남시 분당구 대왕판교로606번길 58, 1층 1-76호 (삼평동,판교푸르지오월드마크)",
509,모노끼,3,일반음식점,"경기 성남시 분당구 야탑로69번길 24-6, 1층 104호 (야탑동,두만프라자)",
510,메콩타이서현점,3,일반음식점기타,"경기 성남시 분당구 황새울로 325-0,204호 (서현동,서현하우비) ",
511,맥도날드서판교DT점,3,패스트푸드점,경기 성남시 분당구 운중동 1017번지,
512,매일식당,3,한식,"경기 성남시 분당구 판교역로192번길 14, 2 (삼평동)",
513,리젠시,3,호텔(특급외),"경기 성남시 분당구 황새울로 352 (서현동,호텔리젠시)",
514,리얼빈,3,일반음식점,"경기 성남시 분당구 판교역로 240, 지하1층, B111호 (삼평동,삼환하이펙스A동)",
515,로맨스꼬꼬,3,한식,"경기 성남시 분당구 대왕판교로 660, (삼평동,유스페이스1지하1층113호)",
516,람바다,3,일반음식점,"경기 성남시 분당구 판교역로184, 2층 202호 (삼평동,JS타워) ",
517,디스틸러,3,일반음식점,"경기 성남시 분당구 정자일로135, D동 211호 (정자동,정자동3차푸르지 ",
518,둥글집,3,한식,"경기 성남시 분당구 성남대로144번길 12, (구미동,1층)",
519,더카페에일리언아지트,3,양식,"경기 성남시 수정구 달래내로 219-0,1층 (금토동) ",
520,더블유넛,3,일반음식점,"경기 성남시 분당구 정자일로 55, (분당두산위브1층109-105호) (금곡동)",
521,달팽이김밥,3,일반음식점,"경기 성남시 분당구 판교역로192번길 14-2, 1층 일부112-1호 (삼평동,골드타워)",
522,느린마을양조장판교점,3,한식,"경기 성남시 분당구 대왕판교로606번길 39, 지하1층 (삼평동,럭스타워)",
523,느린마을양조장테크노점,3,일반음식점,"경기 성남시 분당구 대왕판교로 660, 2층 217,218,219호 (삼평동,유스페이스1)",
524,김선생수내역점,3,일반음식점,"경기 성남시 분당구 백현로101번길 17,1층117호(수내동,초림프라자)",
525,긴자판교점,3,일식/생선회집,"경기 성남시 분당구 판교로 185, 3층 (판교동)",
526,그집,3,일반음식점,"경기 성남시 분당구 황새울로 337,(서현동,웰빙프라자1층109,110호)",
527,그릴스테이션,3,일반음식점,"경기 성남시 분당구 대왕판교로606번길 45,1층112호(삼평동,푸르지오시티)",
528,교대이층집(야탑점),3,일반음식점,"경기 성남시 분당구 야탑로105번길15, 1층 (야탑동) ",
529,광주옥,3,한식,"경기 성남시 분당구 구미동 189-1번지 성우스타우스132,134,135호",
530,광명면옥,3,일반음식점,"경기 성남시 분당구 대왕판교로 306, 1층 (궁내동)",
531,고엔스시,3,일식전문점,"경기 성남시 분당구 성남대로2번길 6, 104호 (구미동,LG오피스텔)",
532,갈비명가수원성,3,한식,"경기 성남시 분당구 새마을로1번길 7, 1층 (서현동)",
533,BKR버거킹분당야탑점,3,패스트푸드점,"경기 성남시 분당구 성남대로916번길 11,1층(야탑동,글라스타워)",
534,(주)토다이분당점,3,패밀리레스토랑,"경기 성남시 분당구 정자일로 121, 더샵스타파크제상가동지하 (정자동)",
535,(주)제누인더집밥,3,일반음식점,"경기 성남시 분당구 판교역로240, 지하1층 103호 (삼평동,삼환하이펙스 ",
536,(주)여기풍천민물장어,3,일반음식점,"경기 성남시 분당구 대왕판교로 266, 1층 (궁내동)",
537,(주)썬앳푸드시추안하우스판교점,3,중식전문점,"경기 성남시 분당구 판교역로152, 2층 일부호 (백현동,알파돔타워) ",
538,(주)너와집백현점,3,일반음식점,"경기 성남시 분당구 안양판교로1201번길45, 지상1층 (백현동) ",
539,(주)내추럴푸드,3,일반음식점,"경기 성남시 분당구 대왕판교로660, B동 127호 (삼평동,유스페이스1) ",
540,화포식당야탑점,2,일반음식점,"경기 성남시 분당구 야탑로111번길 14, 1층 (야탑동)",
541,홍콩,2,중식,경기 성남시 중원구 성남동 4-73,
542,해심가든,2,일반음식점,"경기 성남시 수정구 대왕판교로 844, 1층 (시흥동)",
543,한우명가정육식당,2,일반음식점,"경기 성남시 분당구 야탑로69번길 18, 104호 (야탑동,동아프라자)",
544,하이스키,2,일반음식점,"경기 성남시 분당구 판교역로 240, 1층 118호 (삼평동,삼환하이펙스A동)",
545,하겐다즈,2,아이스크림전문점,"경기 성남시 분당구 분당내곡로 117, 1층 101-3호 (백현동)",
546,프레스코,2,일반음식점,"경기 성남시 중원구 산성대로364번길 2,,1-2층(중앙동)",
547,포포(PoPo),2,단란주점,"경기 성남시 분당구 대왕판교로606번길 45, 207호 (삼평동,판교역푸르지오)",
548,털보네,2,일반음식점,"경기 성남시 수정구 대왕판교로 773, 1층 (금토동)",
549,탄천한우,2,일반음식점,"경기 성남시 수정구 탄천로 594, 1층 (태평동)",
550,클로이 (CHLOE),2,일반음식점 기타,"경기 성남시 분당구 대왕판교로606번길 45, 3층 302호 (삼평동,판교역푸르지오시티)",
551,쿠우쿠우분당점,2,일식전문점,"경기 성남시 분당구 성남대로912, 2층 (야탑동,분당BYC빌딩) ",
552,코코로벤또퍼스트타워점,2,일반음식점,"경기 성남시 분당구 분당로 55, 2층 일부 (서현동,분당퍼스트타워)",
553,취홍,2,중식전문점,"경기 성남시 분당구 안골로 24, 4층 (서현동)",
554,취영루,2,중식전문점,"경기 성남시 분당구 양현로 164,5층(이매동,성남상공회의소)",
555,축산삼다가,2,일반음식점,"경기 성남시 분당구 대왕판교로 288, 1층 (궁내동,예스빌딩)",
556,최고집함흥냉면,2,한식,경기 성남시 분당구 야탑동 375-15 1층,
557,초밥앤탕,2,일반음식점,"경기 성남시 분당구 동판교로 226, 제비상가동104호,봇들마을4단지아파트 (삼평동)",
558,초루,2,일식전문점,"경기 성남시 분당구 서판교로44번길 3-19, 1층 일부 (판교동)",
559,진수사,2,일식/생선회집,"경기 성남시 분당구 매화로37번길 7-10, 1층 (야탑동)",
560,지리산산삼닭백숙,2,일반음식점,"경기 성남시 수정구 심곡로 6, 1층 (심곡동)",
561,㈜에스피씨삼립그릭슈바인판교알파,2,서양식전문점,"경기 성남시 분당구 대왕판교로606번길10, 알파리움 타워1동 1층 124호 ",
562,주식회사이가네양꼬치,2,중식,"경기 성남시 분당구 분당내곡로 155, B동 104호 (삼평동)",
563,주식회사송추가마골판교지점,2,한식,"경기 성남시 분당구 판교역로 145, 2동 2층 225호 (백현동,타워)",
564,주식회사내추럴푸드,2,한식,"경기 성남시 분당구 대왕판교로 660-0,B동 127호 (삼평동,유스페이스1) ",
565,주식회사 오또꼬,2,한식,"경기 성남시 분당구 느티로 16, 1층 119호,120호 (정자동,젤존타워1)",
566,㈜ 에스피씨 삼립 그릭슈바인 판교알파돔점,2,서양식전문점,"경기 성남시 분당구 대왕판교로606번길 10, 알파리움 타워1동 1층 124호,125호,126호,127호 (백현동)",
567,죠스떡볶이,2,일반음식점,"경기 성남시 분당구 판교로 376, 1층 102호 (삼평동,마크시티 퍼플)",
568,조이포,2,일반음식점,"경기 성남시 분당구 대왕판교로 660, 1층,127호 (삼평동,유스페이스1)",
569,정통춘천닭갈비,2,일반음식점,경기 성남시 분당구 내정로119번길 15 (정자동),
570,정빙고,2,일반음식점,"경기 성남시 분당구 정자일로198번길 22, 1층 (정자동)",
571,전주콩뿌리콩나물국밥,2,일반음식점,"경기 성남시 중원구 성남대로1148번길 11, 1층 (성남동)",
572,전주식당,2,일반음식점,"경기 성남시 분당구 장안로16번길2-1 (분당동,지하1층일부) ",
573,자연별곡오리점,2,뷔페.출장연회,"경기 성남시 분당구 탄천상로151번길 20, 월드쇼핑 애플프러자B동2층201호일부 (구미동)",
574,일편닭심,2,일반음식점,"경기 성남시 분당구 판교역로192번길22, 1층 110호 (삼평동,판교효성해 ",
575,일면식 분당,2,일반음식점,"경기 성남시 분당구 동판교로177번길 25, 2층 221호 (삼평동,판교 호반 써밋 플레이스)",
576,일로집,2,일반음식점,"경기 성남시 분당구 느티로 16, 1층 116호 (정자동,젤존타워1)",
577,이차집,2,일반음식점기타,"경기 성남시 분당구 대왕판교로 660-0,A동 120호 (삼평동,유스페이스1) ",
578,이수사,2,일식전문점,"경기 성남시 분당구 금곡로11번길 4, 1층 (구미동)",
579,이레,2,일식전문점,"경기 성남시 분당구 불정로65번길 1, 1층 (정자동)",
580,이남장,2,일반음식점,"경기 성남시 분당구 느티로63번길 7 (정자동,,1층)",
581,육분당,2,일반음식점,"경기 성남시 분당구 미금일로90번길 32, 1층 116,117,118,119호 (구미동)",
582,유타로,2,일식/생선회집,"경기 성남시 분당구 황새울로335번길 8-0,101호 일부 (서현동,덕산빌딩 ",
583,유니버스,2,일반음식점,"경기 성남시 분당구 판교역로 230, B동 지하1층 126-1호 (삼평동,삼환하이팩스)",
584,월선네,2,일반음식점,"경기 성남시 분당구 정자일로6번길 13, 103-3호 (금곡동,천사의도시3오피스텔)",
585,원할머니보쌈족발분당서현,2,일반음식점,"경기 성남시 분당구 서현로204, 202호 (서현동,엘지에클라트2) ",
586,원복집,2,일반음식점,"경기 성남시 분당구 황새울로258번길 28, 2층 전부 (수내동,한도회관빌딩)",
587,운중농원갈비,2,일반음식점,경기 성남시 분당구 하오개로218번길 15 (운중동),
588,완뽕,2,중식전문점,"경기 성남시 분당구 판교로 499 (야탑동,,지하1층 일부)",
589,와플반트야탑점,2,일반음식점,"경기 성남시 분당구 야탑로81번길10, 1층 102호 (야탑동,분당아미고타 ",
590,올리브그릴,2,서양식전문점,"경기 성남시 분당구 운중로146번길15-3, 1층 (운중동) ",
591,오징어날다,2,일식전문점,"경기 성남시 분당구 운중로267번길 7-9, 1층일부 101호 (판교동)",
592,오징어나라,2,일식전문점,"경기 성남시 분당구 운중로267번길 7-8, 1층 (판교동)",
593,오와스시,2,일식전문점,"경기 성남시 중원구 성남대로997번길 25-7, 1층 102호 (여수동)",
594,오봉자싸롱위례점,2,일반주점,"경기 성남시 수정구 위례서일로3길 11, 지하층 (창곡동)",
595,오끼참치,2,일식전문점,"경기 성남시 분당구 서현로210번길2, 206호일부,207호 (서현동,성지하 ",
596,예돈,2,일반음식점,경기 성남시 분당구 내정로7번길 13 (정자동),
597,영심이정자엠코점,2,일반음식점,"경기 성남시 분당구 정자일로146, 1층 129호 (정자동,정자역엠코헤리츠 ",
598,영덕강구항,2,일식/생선회집,"경기 성남시 분당구 미금일로90번길 32-0,1층 (구미동) ",
599,얼룩도야지,2,한식,"경기 성남시 분당구 대왕판교로606번길 45-0,삼평동,205호 ",
600,어사출또,2,일식/생선회집,"경기 성남시 분당구 돌마로 47, 122호 (금곡동,이코노샤르망)",
601,어구미아비뉴프랑판교점,2,일반음식점,"경기 성남시 분당구 동판교로177번길 25, 판교 호반 써밋 플레이스 2층 212호,213호 (삼평동)",
602,양재식당,2,일반음식점,"경기 성남시 분당구 분당내곡로 151 (삼평동,삼도타워1층103호,104호,105호,106호)",
603,야탑어촌,2,일식전문점,"경기 성남시 분당구 야탑로111번길 5-5, 1층 (야탑동)",
604,야탑맛집바다향왕코다리(주)더탄,2,일반음식점,"경기 성남시 분당구 성남대로858번길 14, 1층 (야탑동)",
605,야미에그(주)마세다린,2,일반음식점,"경기 성남시 분당구 백현로101번길 16, 대덕프라자, ,1층 116호 (수내동)",
606,안동황우촌2호점,2,일반음식점,경기 성남시 분당구 미금일로86번길 17 (구미동),
607,안동국시 청와정,2,일반음식점,경기 성남시 분당구 하오개로 358 (운중동),
608,아웃백스테이크미금점,2,패밀리레스토랑,경기 성남시 분당구 구미동 7-2,
609,아웃백 서현점,2,서양식전문점,경기 성남시 분당구 서현로 192 (서현동),
610,아오리의행방불명 분당점,2,일반음식점 기타,"경기 성남시 분당구 황새울로335번길 5, 2층 204호 (서현동)",
611,아름마을이야기,2,일반음식점,"경기 성남시 분당구 판교로 445, 109호 (야탑동)",
612,씨씨스트릿라운지(주)올바름,2,서양식전문점,"경기 성남시 분당구 판교역로192번길 12, 1층 103호 (삼평동,미래에셋센터)",
613,쏘렐라,2,서양식전문점,경기 성남시 분당구 정자동24 분당인텔리지 2상가 306 ,
614,쏘뇨,2,일반주점,"경기 성남시 분당구 판교로255번길9-22, 137호 (삼평동,우림 W-CITY 1 ",
615,써브웨이정자점,2,일반음식점,"경기 성남시 분당구 성남대로331번길13, 외1필지 109호 (정자동) ",
616,써브웨이성남터미널점,2,패스트푸드점,"경기 성남시 분당구 성남대로925번길16, 1층 112호 일부 (야탑동,분당 ",
617,시진핑,2,중식,"경기 성남시 분당구 중앙공원로 35, 1층 111-B호 (서현동,올림픽 스포츠센터)",
618,시골여행,2,일반음식점,"경기 성남시 분당구 하오개로 366-6, 1층 전부 (운중동)",
619,스시쿤,2,일식전문점,"경기 성남시 분당구 성남대로 381 (정자동,폴라리스빌딩 1층 104호)",
620,스시도모서현점,2,한식,경기 성남시 분당구 서현동 272-1 서현하우비 103호-106호,
621,스시노백쉐프위례우남점,2,일반음식점,"경기 성남시 수정구 위례서일로1길 28, 1층 (창곡동,U-HAUS)",
622,수숯불직화꼬치구이,2,한식,"경기 성남시 분당구 대왕판교로 660-0,1층 124호 (삼평동,유스페이스1) ",
623,수기(ARS)_다날,2,기타PG,"경기 성남시 분당구 분당로 55, 9층 (서현동,분당퍼스트타워)",
624,쇳골영양탕,2,일반음식점,경기 성남시 분당구 쇳골북로32번길 3-4 (금곡동),
625,소호정 아브뉴프랑,2,일반음식점,"경기 성남시 분당구 동판교로177번길 25, 142호,156호 (삼평동,판교호반써밋플레이스)",
626,소풍,2,일반음식점,"경기 성남시 수정구 위례광장로 9-9, 1층 108호 (창곡동,위례우남역퍼스트푸르지오시티)",
627,서울치킨,2,치킨전문점,"경기 성남시 분당구 구미로9번길 1, (구미동,1층102호103호) (구미동)",
628,서울복집,2,일반음식점,"경기 성남시 분당구 정자일로 192, 2층 206호 (정자동,지파크프라자)",
629,서울맥주1977서판교점,2,일반주점,"경기 성남시 분당구 운중로225번길 48-7,지하1층 (판교동) ",
630,삼다옥1947(정자점),2,일반음식점,"경기 성남시 분당구 정자일로 162, 1층 101호 (정자동,젤존타워2)",
631,사잇길,2,일반음식점,"경기 성남시 분당구 판교역로192번길 14-2, 125호,126호 (삼평동,골드타워)",
632,사람사는고깃집김일도,2,일반음식점,"경기 성남시 분당구 야탑로105번길13-1, 1층 (야탑동,율천빌딩) ",
633,빅피쉬,2,일식/생선회집,"경기 성남시 분당구 대왕판교로 660-0,1층 145호 (삼평동,유스페이스1) ",
634,비어팩토리,2,일반주점,"경기 성남시 분당구 운중로125번길 14, 1층 (운중동)",
635,블루핀튜나,2,일식/생선회집,경기 성남시 분당구 수내동 16-5 오너스타워,
636,봉춘옥,2,중식전문점,경기 성남시 분당구 대왕판교로 307 (궁내동),
637,본죽(동판교점),2,일반음식점,"경기 성남시 분당구 판교로 374, 1층 104호 (삼평동,스타식스코아II)",
638,본죽,2,일반음식점,"경기 성남시 분당구 돌마로79, 105호 (금곡동,썬프라자) ",
639,벼락가우리,2,일식전문점,"경기 성남시 중원구 광명로347번길6,1층(금광동) ",
640,벨라로사,2,서양식전문점,경기 성남시 분당구 정자일로198번길 26 (정자동),
641,베이커리리안,2,기타음식점,"경기 성남시 분당구 돌마로476번길 31, 상가동 1층 107호 (서현동,효자촌삼환아파트)",
642,베네쿠치,2,서양식전문점,"경기 성남시 분당구 운중로146번길 19, 1층 전체 (운중동,운천빌딩)",
643,박군자진주냉면,2,일반음식점,"경기 성남시 분당구 대왕판교로 122, 1층 전부 (금곡동)",
644,밀리토피아호텔,2,호텔(특급외),경기 성남시 수정구 위례대로 83 (창곡동),
645,미래식당,2,일반음식점,"경기 성남시 분당구 불정로376번길 31, 604동121~125호 (서현동,효자촌주상복합)",
646,몽짬뽕 서현점,2,중식,"경기 성남시 분당구 서현로180번길 19, 1층 102-1호 (서현동,비전월드)",
647,명품국수,2,일반음식점,"경기 성남시 분당구 판교역로 230, B동 지하층 121, 121-1호 (삼평동,삼환하이펙스)",
648,명인의제자도제판교2호점,2,일식전문점,"경기 성남시 분당구 판교로255번길 9-22, 225호 (삼평동,우림W-CITY 2층)",
649,명랑쌀핫도그이매점,2,일반음식점,"경기 성남시 분당구 판교로 446, 1층 103호 (이매동,.)",
650,메이,2,중식전문점,"경기 성남시 수정구 수정로 81, 2층 203호 (태평동,동인트루빌)",
651,마사키,2,일식전문점,"경기 성남시 분당구 운중로113번길 4-12, 1층 (운중동)",
652,루프일레븐,2,일반주점,"경기 성남시 분당구 판교역로192번길 16, 11층 1101호 (삼평동,판교타워)",
653,레스토랑마고,2,일반음식점 기타,"경기 성남시 분당구 정자일로 230, B103호(정자동,동양파라곤105동)",
654,러스틱자(RUSTICJAR),2,일반음식점,"경기 성남시 분당구 판교역로 230, B동 1층 111호 (삼평동,삼환하이펙스)",
655,랜돌프비어야탑점,2,일반주점,"경기 성남시 분당구 장미로92번길13-1, 지층 1호 (야탑동) ",
656,락앤웍,2,중식전문점,"경기 성남시 분당구 정자일로 121 (정자동,상가동 씨-03,04,16,17호)",
657,라뜰리에,2,기타음식점,"경기 성남시 분당구 판교로 332,ECOHub,1층,(삼평동)",
658,또봉이 통닭 (청계산옛골점),2,치킨전문점,"경기 성남시 수정구 달래내로 385, 1층 (상적동)",
659,둥지,2,일반음식점,"경기 성남시 분당구 판교역로192번길14-1, 1층 일부 (삼평동,판교예미 ",
660,두향,2,일반음식점,경기 성남시 분당구 불곡남로 5 (정자동),
661,돼지맨숀,2,일반음식점,"경기 성남시 분당구 동판교로177번길 25, 1층 144호,145호 (삼평동,판교호반써밋플레이스)",
662,돈가네옛날김치돼지찌개,2,일반음식점,"경기 성남시 분당구 대왕판교로 660, 2층 201호 (삼평동,유스페이스1)",
663,독천낙지 야탑점,2,일반음식점 기타,"경기 성남시 분당구 장미로92번길 5, 1층 (야탑동)",
664,도원,2,일식/생선회집,경기 성남시 분당구 야탑동 358-2번지,
665,던킨도넛츠아름마을점,2,패스트푸드점,"경기 성남시 분당구 판교로446, 102,103호 (이매동,그린프라자) ",
666,더플레이스판교현대백화점,2,서양식,"경기 성남시 분당구 판교역로146번길20, 5층 (백현동, 현대백화점판교 ",
667,더원쭈꾸미,2,일반음식점,"경기 성남시 분당구 성남대로331번길 13, 1층117호,118호 (정자동)",
668,더쉐프인젤코바,2,일반음식점,"경기 성남시 분당구 판교로25번길 22-3, 1층 전부 (운중동)",
669,더부자꼬리,2,일반음식점,"경기 성남시 분당구 판교역로2번길 3, 1층 (백현동)",
670,더밸류펍,2,일반주점,"경기 성남시 분당구 대왕판교로670, 3층 316호 (삼평동,유스페이스2) ",
671,대하,2,일식전문점,"경기 성남시 중원구 광명로289, 1층 (금광동,단대쇼핑센타) ",
672,대가면옥,2,일반음식점,"경기 성남시 분당구 야탑로 64,1층 일부(야탑동,야탑시장)",
673,능이향기,2,일반음식점,"경기 성남시 분당구 하오개로 353, 1층,2층 (운중동)",
674,놈놈서브,2,일반음식점,"경기 성남시 분당구 판교역로 231, 1층 117호 (삼평동,에이치스퀘어 에스동)",
675,남기분면주식회사테이블메트리,2,일반음식점기타,"경기 성남시 분당구 판교역로 152-0,2층 10호 (백현동) ",
676,까로떼(Carote),2,서양식전문점,"경기 성남시 분당구 동판교로52번길 19-20, 1층 일부 (백현동)",
677,금향,2,중식전문점,"경기 성남시 분당구 금곡로11번길 1, 1층 (구미동)",
678,금돈가,2,일반음식점,"경기 성남시 분당구 운중로225번길 48-17, 101호 (판교동)",
679,궁중만두,2,일반음식점,"경기 성남시 분당구 판교역로 230, SD-3 B동 B109호 (삼평동,판교테크노밸리)",
680,궁잔기지떡,2,일반음식점,"경기 성남시 분당구 내정로7번길14, 1층 일부 (정자동) ",
681,굴마을 낙지촌,2,일반음식점,경기 성남시 수정구 수정로74번길 6 (수진동),
682,광화문국밥판교점(주)다얼팜,2,일반음식점,"경기 성남시 분당구 판교역로152, 2(일부)층 (백현동) ",
683,고반식당판교아브뉴프랑점,2,한식,"경기 성남시 분당구 동판교로177번길 25-0,2층205호,206호,207호 (삼평 ",
684,고릴라펍앤볼링,2,일반주점,경기 성남시 분당구 삼평동670 유스페이스1 지하1층 B101호 ,
685,강릉집,2,한식,"경기 성남시 분당구 장미로92번길 13-3, (야탑동)",
686,가장맛있는족발 정자점1,2,한식,"경기 성남시 분당구 성남대로331번길 9-14, 1층 (정자동,모선빌딩)",
687,가야지원조양평해장국본점,2,한식,"경기 성남시 분당구 대왕판교로 23, 1층 (동원동)",
688,가마로강정(야탑점),2,치킨전문점,"경기 성남시 분당구 성남대로926,1층119호(야탑동,분당메트로) ",
689,Tu e Io(뚜에이오),2,양식,경기 성남시 분당구 판교동 운중로225번길 14-1,
690,KFC야탑역,2,패스트푸드점,"경기 성남시 분당구 성남대로916번길7,(야탑동,서일빌딩1층101A호,101B ",
691,2도비어 판교역점,2,일반주점,"경기 성남시 분당구 판교역로192번길 16, 110호 (삼평동,판교타워)",
692,(주)후니드 SKT카페분당2점,2,기타음식점,"경기 성남시 분당구 황새울로258번길 6, 1층 일부 (수내동,수내동에스케이텔레콤분당지원시설)",
693,(주)팡메이,2,일반음식점 기타,경기 성남시 분당구  불정로420번길 57 1층 (분당동),
694,(주)카인드관광,2,호텔(특급외),"경기 성남시 분당구 황새울로329번길 10, 지하1층 2호 (서현동)",
695,(주)지오쿠치나,2,서양식전문점,"경기 성남시 분당구 황새울로200번길 34, 1층 101호, 102호 (수내동,코포모빌딩)",
696,(주)장모집,2,일반음식점,"경기 성남시 분당구 하오개로351번길 6, 1층, 2층 전부 (운중동)",
697,(주)유썸퀴즈노스분당정자점,2,일반음식점 기타,"경기 성남시 분당구 느티로 22, 103호,104호 (정자동,젤존타워)",
698,(주)에스앤에스펌서가앤쿡판교아브,2,양식,"경기 성남시 분당구 동판교로177번길 25-0,2층 236 237호 (삼평동,판교 ",
699,(주)먹보한우광주점(분당지,2,일반음식점,"경기 성남시 분당구 미금일로74번길 15, 1층 일부구미동주차장 (구미동)",
700,(주)맛있는상상카페랄로점,2,서양식전문점,경기 성남시 분당구 하오개로 246 (운중동),
701,(주)너와집 백현점,2,일반음식점,"경기 성남시 분당구 안양판교로1201번길 45, 지상1층 (백현동)",
702,(선)속초코다리냉면,2,한식,"경기 성남시 분당구 동판교로177번길 25, 106호 (삼평동,판교호반써밋플레이스)",
703,히카루후,1,일식전문점,"경기 성남시 분당구 동판교로177번길25, 217호 (삼평동,판교호반써밋플 ",
704,흑돼지 삼백식당 야탑점,1,일반주점,"경기 성남시 분당구 장미로86번길 8, 1층 (야탑동,동호빌딩)",
705,훠궈타임,1,일반음식점 기타,"경기 성남시 분당구 장미로100번길 14, 1층 (야탑동)",
706,후쿠오카모츠나베,1,일식/생선회집,"경기 성남시 분당구 서현로180번길 19, 1층 (서현동,비전월드)",
707,효 (효),1,일식전문점,"경기 성남시 분당구 느티로 2 (정자동,,102호 전체)",
708,회사랑방,1,일식전문점,"경기 성남시 분당구 돌마로486번길 12 (서현동,효자촌근린상가 지1층)",
709,황제,1,일반음식점,"경기 성남시 수정구 탄천로307번길 6, 1층 (사송동)",
710,화로사랑분당수내점,1,일반음식점,"경기 성남시 분당구 백현로101번길17, 113,114,115 (수내동,초림프라자 ",
711,화동생갈비,1,일반음식점,"경기 성남시 분당구 새마을로177번길 5, 1층.2층 (율동)",
712,홍루이젠야탑점,1,휴게음식점,"경기 성남시 분당구 야탑로69번길 21-0,1층 106호 (야탑동,영진다이비 ",
713,혼다라멘미금점,1,일식전문점,"경기 성남시 분당구 성남대로 151, 116호 (구미동,분당엠코헤리츠)",
714,호천당,1,일반음식점 기타,"경기 성남시 분당구 성남대로331번길 13, 1층 105호 (정자동)",
715,호시,1,일식전문점,"경기 성남시 분당구 분당로53번길14, 112 (1층 (서현동,서현프라자) ",
716,혜선이떡볶이,1,일반음식점,"경기 성남시 분당구 판교역로192번길 14-2 (삼평동,골드타워)",
717,허니피그,1,한식,"경기 성남시 분당구 동판교로52번길 3-8, .",
718,향촌,1,일반한식,경기 성남시 분당구 만세길 20  (율동),
719,해물한상,1,일반음식점,"경기 성남시 수정구 위례광장로 310, A동 2층 205호 206호 (창곡동,우성트램타워)",
720,항아리보쌈위례점,1,일반음식점,"경기 성남시 수정구 위례서일로3길 33-4, 1층 (창곡동)",
721,함경북도신포비빔국수돈까스,1,일반음식점,"경기 성남시 분당구 하오개로 343, 2층 (운중동)",
722,한종호의 김치찜,1,한식,"경기 성남시 분당구 황새울로 325, 1층 101호,102호 (서현동,서현하우비)",
723,한와담(주)엠제이푸드아이,1,일반음식점,"경기 성남시 분당구 판교역로152, 1(일부)층 (백현동) ",
724,한옥촌,1,일반음식점,경기 성남시 분당구 안골로11번길 5 (서현동),
725,한솥도시락수내역점,1,일반음식점,"경기 성남시 분당구 내정로173번길 49, 1층 108,121호 (수내동,궁전프자라)",
726,한솔유통,1,기타식음료품,경기 성남시 분당구 내정로 94 (정자동),
727,한솔도시락중탑점,1,한식,경기 성남시 분당구 야탑동 274-1 대원상가 1층 5,
728,한소반(율동공원점),1,일반음식점,경기 성남시 분당구 새마을로175번길6 (율동) ,
729,한국피자헛 송파위례점,1,패스트푸드점,"경기 성남시 수정구 위례광장로 322, 122호 (창곡동,아이플렉스)",
730,하인선생,1,중식전문점,"경기 성남시 분당구 구미로 191,401호 전부(구미동,아산웰빙프라자)",
731,하누세나(주)리치메이커스,1,일반음식점,"경기 성남시 분당구 정자일로140, 1층 B119,120,121호 (정자동,정자역 ",
732,하남돼지집 미금점,1,일반음식점,"경기 성남시 분당구 미금일로74번길 25-1, 1층 (구미동)",
733,하나시,1,일식전문점,"경기 성남시 분당구 동판교로52번길 21-2, 101호 (백현동)",
734,하나비,1,일식전문점,"경기 성남시 분당구 야탑로 103, 노블리치2오피스텔1층105호일부호 (야탑동)",
735,필립(Philip),1,일반음식점 기타,"경기 성남시 분당구 황새울로311번길 8-5, 1층 101호 (서현동,이앤텍빌딩)",
736,피치랑분당이매점,1,일반음식점,"경기 성남시 분당구 이매로 11, 상가동 1층 101호 (이매동,아름마을선경아파트)",
737,피자스쿨,1,패스트푸드점,"경기 성남시 분당구 성남대로 389, 105호 (정자동,폴라리스빌딩2)",
738,피자마루동판교점,1,패스트푸드점,"경기 성남시 분당구 판교로 375, 1층 101호 (삼평동,에메트타운)",
739,풍천가,1,패스트푸드점,경기 성남시 수정구 상적동 173-1번지,
740,풍류별당,1,일반음식점,"경기 성남시 분당구 대왕판교로606번길39, 지하1층 (삼평동,럭스타워) ",
741,풀무원푸드앤컬처 자맛라스트리트판교,1,일반음식점,"경기 성남시 분당구 대왕판교로606번길 10 (백현동,알파리움타워1동2층203호~208호)",
742,푸에르코판교점,1,일반음식점,"경기 성남시 분당구 분당내곡로 117, 2층 일부 (백현동,크래프톤타워)",
743,포차어게인야탑점,1,한식,"경기 성남시 분당구 야탑로105번길 11, (야탑동)",
744,포사오,1,한식,경기 성남시 분당구 판교로255번길 9-22 우림W-CITY 2층 216호 (삼평동),
745,페삭,1,일반음식점,"경기 성남시 분당구 황새울로214번길 8, 306호 (수내동,MS프라자)",
746,퍼플레인(PurpleRain,1,서양식전문점,"경기 성남시 분당구 대왕판교로606번길45, 204호 (삼평동,판교역푸르지 ",
747,판교초밥,1,일식전문점,"경기 성남시 분당구 운중로125번길 4-7, 101호 (운중동)",
748,판교양평해장국막국수,1,한식,"경기 성남시 수정구 여수대로 4, 1층 (시흥동)",
749,통통낙지 분당점,1,일반음식점,"경기 성남시 분당구 구미로 124, 1층 103호 (구미동,굿모닝프라자1)",
750,태호식당,1,일식전문점,"경기 성남시 분당구 대왕판교로660, 지하1층 B109호 (삼평동,유스페이 ",
751,키친에이,1,양식,"경기 성남시 분당구 느티로51번길 2, (정자동)",
752,큰집,1,한식,"경기 성남시 분당구 안양판교로1201번길 87, 1층 (백현동)",
753,큐당구장,1,당구장,"경기 성남시 분당구 서현로210번길 2, 5층 501호 (서현동,성지하이츠텔)",
754,퀸,1,서양식전문점,"경기 성남시 분당구 판교로319번길 13, 디테라스 1층 101호,102호일부 (삼평동)",
755,쿠우쿠우(유)쿠우쿠우서현점,1,일식전문점,"경기 성남시 분당구 분당로53번길 16, 4층 일부 (서현동,정일빌딩)",
756,코코이찌방야판교알파돔시티점,1,서양식전문점,"경기 성남시 분당구 판교역로 145, 타워2동, 2층 207호 208호. (백현동,알파리움)",
757,케르반판교점,1,서양식전문점,"경기 성남시 분당구 판교역로 145, 타워2동 2층 212호,213호,214호,215호,216호 (백현동,알파?",
758,칼국수한마당마루,1,일반음식점,"경기 성남시 분당구 성남대로393, 1층 B116호 (정자동) ",
759,칸지고고,1,일반음식점,"경기 성남시 분당구 백현로101번길 17, 1층 101,102 (수내동,초림프라자)",
760,카페파라(테크노점),1,일반음식점,"경기 성남시 분당구 판교역로240, 108호 일부 (삼평동,삼환하이펙스A동 ",
761,카페토스피아,1,일반음식점,"경기 성남시 분당구 정자일로156번길6, 1층 일부 (정자동,뉴본타워) ",
762,카페엠,1,일반주점,경기 성남시 수정구 청계산로 447 (상적동),
763,카페스테이(CAFE STAY),1,휴게음식점,"경기 성남시 수정구 달래내로377번길 42, 1층 (상적동)",
764,카페마마스판교점(주)마마스푸드,1,일반음식점,"경기 성남시 분당구 분당내곡로117, 주건축물 제1동 1일부층 (백현동, ",
765,카페게이트 판교하이펙스점,1,일반음식점,"경기 성남시 분당구 판교역로 240, 119호 (삼평동,삼환하이펙스A동)",
766,카페 그레코,1,기타음식점,"경기 성남시 분당구 서현동 311 주상복합상가 604동 117,159,160호",
767,카툰트리,1,일반음식점,"경기 성남시 분당구 성남대로926번길 10 (야탑동,탑빌딩 지하1층 일부)",
768,카마쿠라,1,일식/생선회집,"경기 성남시 분당구 대왕판교로606번길 39, 1층 112호 (삼평동,럭스타워)",
769,친절생고기전문점,1,일반음식점,"경기 성남시 중원구 광명로25-1, 1층 (성남동) ",
770,치어스야탑점,1,일반주점,"경기 성남시 분당구 야탑로105번길 19, 1층 (야탑동,백은빌딩)",
771,춘천본점닭갈비,1,일반음식점,"경기 성남시 분당구 서현로210번길 14, 1층 106호,116~120호 (서현동,유성트윈프라자2차)",
772,최고야 전국5대짬뽕,1,중식전문점,"경기 성남시 분당구 판교로227번길 6, 1층 116,117호 (삼평동,판교브릿지타워)",
773,총각네횟집,1,일식전문점,"경기 성남시 중원구 성남대로1148번길 13, 1층 (성남동)",
774,초당마을,1,일반음식점,경기 성남시 수정구 탄리로74번길 9 (태평동),
775,청춘,1,일반음식점,"경기 성남시 수정구 위례순환로 130, 1층 106호, 107호 (창곡동,아트리버푸르지오)",
776,청오디피케이(주)야탑점,1,패스트푸드점,경기 성남시 분당구 매화로 46 (야탑동),
777,청솔오리곱창철판구이,1,일반음식점,경기 성남시 수정구 단대로16번길24-17 (단대동) ,
778,청석골,1,일반음식점,"경기 성남시 분당구 불정로376번길31, 604동 166호 (서현동,주상복합상 ",
779,청담식당,1,한식,"경기 성남시 수정구 대왕판교로 842, 1층 201호 (시흥동,MHY)",
780,청담설렁탕,1,일반음식점,"경기 성남시 중원구 광명로44-1, 1층 (성남동) ",
781,천향,1,중식전문점,"경기 성남시 분당구 정자일로230, 정자동 3단지지상가지하 102호 104호 ",
782,천수정,1,일반음식점,"경기 성남시 수정구 고산동길 7,(고등동)",
783,착한고기오리점,1,일반음식점,"경기 성남시 분당구 구미로9번길 13-7, 2층 (구미동,JW빌딩)",
784,차고145,1,일반음식점,"경기 성남시 분당구 판교역로145, 타워2동 1층 108호 109호 110호 (백 ",
785,찌마기야탑점,1,일반음식점,경기 성남시 분당구 야탑로111번길24 (야탑동) ,
786,짱수양꼬치앤짬뽕,1,중식전문점,"경기 성남시 분당구 성남대로331번길 13 (정자동,외1필지 102,103호)",
787,짬뽕타워,1,중식전문점,"경기 성남시 분당구 황새울로258번길 40, 1층 일부 (수내동,왕자클라우드빌딩)",
788,짝,1,일반주점,"경기 성남시 분당구 대왕판교로 670, 2동 315호 (삼평동,유스페이스)",
789,진짜돼지,1,한식,"경기 성남시 분당구 분당내곡로 159, 삼평동,KCC웰츠타워A동120,121,122호",
790,진어참치,1,일식전문점,"경기 성남시 수정구 위례서일로1길 8-16, 지하1층,  주건물,제1동, (창곡동)",
791,진복호 분당점,1,일식/생선회집,"경기 성남시 분당구 동판교로 52, 2층 203호 (백현동,제이스타빌딩)",
792,진대감(분당점),1,일반음식점,"경기 성남시 분당구 성남대로331번길 3-10, 1층 (정자동)",
793,진1926판교점,1,한식,"경기 성남시 분당구 판교역로192번길 22, 1층 101호 (삼평동,판교효성해링턴타워)",
794,지현네달인각,1,일반음식점,"경기 성남시 수정구 위례서일로3길8, 1층 (창곡동) ",
795,지유가오카브레드분당정자역점,1,일반음식점,"경기 성남시 분당구 성남대로349, 1층 일부 (정자동,시그마타워) ",
796,중림동닭한마리칼국수,1,일반음식점,"경기 성남시 수정구 위례광장로 320, 202호 (창곡동,아이에스센트럴타워)",
797,주식회사치어스분당지점,1,일반음식점 기타,"경기 성남시 분당구 판교로 435, (야탑동,동양프라자1층101-105호,110-112호)",
798,주식회사인디테이블,1,일반음식점기타,"경기 성남시 분당구 동판교로177번길 25-0,1층 109호 (삼평동,판교호반 ",
799,주식회사맛있는상상카페랄로점,1,양식,"경기 성남시 분당구 하오개로 246-0,운중동 ",
800,주식회사 청정갯마을,1,한식,"경기 성남시 분당구 성남대로858번길 4, (야탑동,1층)",
801,주)신화아이푸드,1,일식/생선회집,경기 성남시 분당구 서현동 102-2,
802,종가족발순대국,1,일반음식점,"경기 성남시 분당구 운중로138번길28-6,1층 전부(운중동) ",
803,조마루감자탕위례점,1,일반음식점,"경기 성남시 수정구 위례광장로41, 2층 (창곡동,지엠프라자) ",
804,제주오름,1,일반음식점,"경기 성남시 분당구 발이봉남로4번길 6, 1층 102호 (수내동)",
805,제주가,1,한식,"경기 성남시 분당구 동판교로52번길 5, 1층 (백현동)",
806,제일촌,1,일반음식점,"경기 성남시 분당구 내정로119번길 4-4, 상가동 1층 (정자동)",
807,제일김밥.롤,1,일반음식점,"경기 성남시 분당구 수내2동53 돌고래상가 지하 91,92,93호 ",
808,제이스팟(주)다몽에프앤비,1,중식전문점,"경기 성남시 분당구 판교역로 152, 알파돔타워 3(일부)층 (백현동)",
809,제스의 부엌,1,일식/생선회집,"경기 성남시 분당구 불정로386번길 10, 601동 1층 1066호 (서현동,효자촌미래타운아파트)",
810,제로투나인,1,서양식전문점,"경기 성남시 분당구 운중로146번길 19-3, 1층 (운중동)",
811,정자골,1,일반음식점,"경기 성남시 분당구 정자일로 220,(동양정자파라곤2단지상가 지하101호)(정자동)",
812,정연,1,일반음식점 기타,"경기 성남시 분당구 성남대로144번길 12-1, 1층 (구미동)",
813,정세이카츠돈카츠,1,서양식전문점,"경기 성남시 분당구 판교역로192번길 22, 1층 105호 (삼평동,판교효성해링턴타워)",
814,정글비위례신도시점,1,일반음식점,"경기 성남시 수정구 위례광장로 322, 2층 202호 (창곡동,아이플렉스)",
815,정가네능이백숙,1,일반음식점,"경기 성남시 분당구 서현로247번길 9, 1층 (서현동)",
816,전설의골뱅이,1,일반음식점,"경기 성남시 분당구 판교역로192번길 16, 1층 108호 (삼평동,판교타워)",
817,장흥한우삼합,1,일반음식점,"경기 성남시 분당구 야탑로111번길18 (야탑동,(1층)) ",
818,장수골화로구이,1,일반음식점,"경기 성남시 수정구 산성대로 473, 1,2,3층 (단대동)",
819,장비빔국수와굴국밥보쌈,1,일반음식점,"경기 성남시 분당구 운중로257번길 7-4, 1층 전부 (판교동,판교JJ빌딩)",
820,작은어촌,1,일반음식점,"경기 성남시 분당구 장미로 86, 1층 105호 (야탑동,이코노샤르망)",
821,자연산회통영붕장어,1,일반음식점,"경기 성남시 분당구 운중로267번길 8-13, 1층 (판교동)",
822,자연별곡분당서현점(주)이랜드이츠,1,뷔페.출장연회,"경기 성남시 분당구 황새울로340 (서현동,알파마이티 분당빌딩 4층 전 ",
823,자갈치시장,1,일반음식점,"경기 성남시 분당구 성남대로925번길 19, 103,104호 (야탑동,터미널프라자)",
824,일인자감자탕,1,한식,경기 성남시 분당구 야탑동372-2 ,
825,일류인터내셔널,1,기타식품,"경기 성남시 분당구 서현로 170, 17층 씨-1714호 (서현동, 풍림아이원플러스)",
826,일구사,1,서양식,"경기 성남시 분당구 대왕판교로 670, 112호 (삼평동, 유스페이스2)",
827,인생술집,1,일반음식점 기타,"경기 성남시 분당구 대왕판교로606번길 47, SG타워 1층 102-2호 (삼평동)",
828,이화수 정자점,1,일반음식점,"경기 성남시 분당구 정자일로 100,1층115호(정자동,미켈란쉐르빌)",
829,이한진의푸른참치,1,일식,"경기 성남시 분당구 성남대로331번길 3, 308호 (정자동, 백궁프라자3)",
830,이삭토스트,1,일반음식점,"경기 성남시 분당구 판교로 375, 102호 (삼평동,에메트타운)",
831,이백소면디테라스점엠비즈(주),1,일반음식점,"경기 성남시 분당구 판교로319번길 13, 114호 (삼평동)",
832,이경진우렁쌈밥정식,1,한식,"경기 성남시 분당구 정자동 159-5 206,207호",
833,이가주방,1,한식,"경기 성남시 분당구 효자길 9, (서현동)",
834,이가네양,1,중식전문점,"경기 성남시 분당구 판교역로 145, 1층114,115호 (백현동,알파리움2단지)",
835,은영이네 전라도밥상,1,일반음식점,"경기 성남시 중원구 둔촌대로64번길 4-13, 1층 (성남동)",
836,육덕등심정자점,1,일반한식,"경기 성남시 분당구 정자일로135, D동 206호 (정자동, 정자푸르지오시 ",
837,육공,1,일반음식점,"경기 성남시 분당구 정자일로 158, 1층 111호 (정자동,백궁프라자2)",
838,유황오리장군부대찌게,1,일반음식점,"경기 성남시 분당구 판교로255번길9-22,우림W-CITY지하1층B113호(삼평 ",
839,유림각,1,일반음식점,경기 성남시수정구 태평2동348-2번지 ,
840,월수금 위례점,1,일반음식점,"경기 성남시 수정구 위례서일로1길 13, 1층 (창곡동)",
841,월드폴로,1,일반의류,경기 성남시 중원구 성남동 1311 지하상가 E-가-17,
842,월드오브비어 강남역점,1,일반음식점 기타,"경기 성남시 분당구 판교역로192번길 16, 807-1호 (삼평동)",
843,원쭈꾸미,1,일반음식점,경기 성남시 분당구 야탑로105번길 8 (야탑동),
844,원조원주추어탕,1,일반음식점,경기 성남시 분당구 새마을로7번길 4 (서현동),
845,웃자,1,일반음식점,"경기 성남시 분당구 불곡로 4, 106호 (정자동,리더스프라자)",
846,우마블,1,양식,"경기 성남시 분당구  정자일로 190 정자일로 197 (정자동,푸르지오2차110,111,129호)",
847,우리포석정,1,한식,"경기 성남시 분당구 분당내곡로 151, 201호 (삼평동)",
848,우라마찌,1,일반주점,"경기 성남시 분당구 정자일로 158, 1층 110호 (정자동,백궁프라자2)",
849,용호동낙지판교역점(주)피플랜드,1,일반음식점,"경기 성남시 분당구 판교역로 145, 1층 106호,107호 (백현동,알파리움2단지)",
850,용천통닭,1,치킨전문점,"경기 성남시 분당구 돌마로 52, 102호 (구미동,MD프라자)",
851,용인전통순대국,1,일반음식점,"경기 성남시 분당구 판교로255번길9-22,(삼평동,우림W-CITY지하1층B111 ",
852,용범이네인계동껍데기야탑점(주),1,일반음식점,"경기 성남시 분당구 성남대로926번길6, 2층 210호 (야탑동,야탑대덕프 ",
853,요크앤화이츠,1,서양식전문점,"경기 성남시 분당구 판교역로10번길 12-5, 1층 (백현동)",
854,요기,1,일반음식점기타,"경기 성남시 중원구 성남대로997번길 25-14,1층 (여수동) ",
855,왕창족발,1,일반음식점,"경기 성남시 분당구 수내로46번길 11 (수내동,대덕빌딩1층115)",
856,왕스덕,1,일반음식점기타,"경기 성남시 분당구 대왕판교로645번길 36-0,지하1층 (삼평동) ",
857,왑스,1,한식,"경기 성남시 분당구 성남대로 51, 1층 (구미동)",
858,와인팩토리,1,양식,"경기 성남시 분당구 판교역로192번길 14-2,117호 (삼평동,골드타워) ",
859,와라와라호프,1,일반주점,"경기 성남시 수정구 산성대로485, 2층 (양지동) ",
860,옹기김치집,1,한식,"경기 성남시 분당구 서현동 247-3번지 삼보프라자108,109호",
861,온쌀국수,1,일반음식점,"경기 성남시 분당구 동판교로 91, 상가동 B111호 (백현동,백현마을4단지)",
862,오창은군산집,1,일반음식점,"경기 성남시 분당구 구미로192번길 4, 3층전부 (구미동)",
863,오징어세꼬시명가,1,한식,"경기 성남시 분당구 정자일로156번길 11, 1층 (정자동,세명타워)",
864,오레시피 분당이매점,1,기타식음료품,"경기 성남시 분당구 이매로 54, 분산상가동 1층 102호 (이매동,이매촌)",
865,오,1,일반주점,"경기 성남시 분당구 장미로86번길 10-0,3층 2호 (야탑동) ",
866,옛시골왕솥뚜껑삼겹살,1,일반음식점,"경기 성남시 분당구 미금일로86번길 19, 1층 (구미동)",
867,예향정판교점,1,일반음식점,"경기 성남시 분당구 서판교로44번길3-13, 1층 (판교동) ",
868,예전집,1,일반주점,"경기 성남시 분당구 성남대로331번길13, 외1필지 122호 (정자동) ",
869,예나파이,1,일반음식점,"경기 성남시 수정구 공원로 322, 1층 133호 (신흥동,신동아파라디움)",
870,영심이앤김밥,1,일반음식점 기타,"경기 성남시 분당구 느티로 22, A-108(정자동,백궁파라곤)",
871,영심이미금점,1,일반음식점,"경기 성남시 분당구 성남대로165 (금곡동,천사의도시1차 109호) ",
872,영덕 강구항,1,일식전문점,"경기 성남시 분당구 미금일로90번길 32, 101,102,111호 (구미동)",
873,연어로만,1,일반음식점,"경기 성남시 분당구 판교역로 178 (삼평동,서건타워 1층 104호)",
874,연안식당 야탑점,1,일반음식점,"경기 성남시 분당구 야탑로75번길 9, 1층 102호 (야탑동,금호프라자)",
875,연남수제비,1,일반음식점,"경기 성남시 분당구 성남대로144번길 14, 1층 일부 (구미동)",
876,엘알디케이,1,일반음식점,"경기 성남시 분당구 성남대로331번길 13, 1층 111호 (정자동,백궁프라자)",
877,에이원,1,일반주점,"경기 성남시 분당구 정자일로 192, 2층 205호 (정자동,지.파크프라자)",
878,엄마손만두국,1,일반음식점,"경기 성남시 분당구 야탑로65번길 8, 101호 (야탑동,나인투빌딩)",
879,어쩌다술방구,1,일반주점,"경기 성남시 분당구 정자동 166-2번지C111호(정자동,정자역 엠코헤리츠3단지1층)",
880,어울더울(청계점),1,일반음식점,"경기 성남시 수정구 청계산로 462, 지층 .1층 (상적동)",
881,어니언키친,1,양식,"경기 성남시 분당구 장미로108번길 4, 1층 (야탑동)",
882,양국,1,한식,"경기 성남시 분당구 돌마로 47, 121(금곡동,이코노샤르망)",
883,야몽야몽,1,일반주점,"경기 성남시 분당구 정자일로146, A103호 (정자동,정자역 엠코해리츠1 ",
884,애나의정원분당 주식회사,1,일반음식점,"경기 성남시 분당구 석운로 140, 1층 (석운동)",
885,압구정김밥,1,일반음식점,"경기 성남시 분당구 황새울로360번길35, 221호 (서현동,서현현대프라자 ",
886,안집,1,일반음식점,경기 성남시 분당구 새마을로51번길3 (서현동) ,
887,아초원,1,한식,"경기 성남시 분당구 하오개로 337, 1층 (운중동)",
888,아지트,1,일반음식점,"경기 성남시 분당구 미금일로81, 103호 (구미동,대우조합상가) ",
889,아자브교자,1,일반음식점 기타,"경기 성남시 분당구 동판교로52번길 21-12, 201호 (백현동)",
890,아웃백스테이크서현점,1,패밀리레스토랑,경기 성남시 분당구 서현동251-1 ,
891,아오이,1,일식전문점,"경기 성남시 분당구 정자일로 135, D동 1층 125호 (정자동,정자동3차푸르지오시티)",
892,아썸아이디어,1,서양식,"경기 성남시 분당구 대왕판교로 660  (삼평동, 유스페이스1)",
893,아나바,1,일식/생선회집,"경기 성남시 분당구 대왕판교로606번길 58, 1층 104호 (삼평동,판교푸르지오월드마크)",
894,아구대감,1,일반음식점,"경기 성남시 분당구 금곡로23번길4, 1층전부 (구미동) ",
895,씨제이올리브영정자역점,1,일반잡화판매점,"경기 성남시 분당구 성남대로331번길 3-3,(정자동, 젤존3104,105호) ",
896,써브웨이미금역점,1,일반음식점 기타,"경기 성남시 분당구 돌마로 52, MD프라자 (구미동)",
897,써브웨이 판교브릿지타워점,1,패스트푸드점,"경기 성남시 분당구 판교로227번길 6, 지하1층 B106호 (삼평동,판교테크노밸리브릿지타워)",
898,써브웨이 성남태평점,1,일반음식점,"경기 성남시 수정구 수정로 179, 1층 일부호 (태평동)",
899,써브웨이 성남시청점,1,패스트푸드점,"경기 성남시 중원구 성남대로997번길 51-20, 1층 (여수동)",
900,싱싱수산,1,일식전문점,"경기 성남시 수정구 수정로135번길12, 1층 (태평동) ",
901,신통치킨,1,치킨전문점,"경기 성남시 중원구 여수울로15번길4-10,1층(여수동) ",
902,신주닭발,1,한식,"경기 성남시 분당구 성남대로 165, 1층 131호 (금곡동,천사의도시1 오피스텔)",
903,신나라,1,단란주점,"경기 성남시 분당구 야탑로105번길 15, 2층 (야탑동)",
904,신강양꼬치,1,중식전문점,"경기 성남시 분당구 야탑로111번길12-5, 1층 (야탑동) ",
905,시크릿,1,일반주점,"경기 성남시 분당구 대왕판교로 670, 지상,3층 320호 (삼평동,유스페이스2)",
906,시카에블랙,1,일식전문점,"경기 성남시 중원구 양현로405번길5, 2층 6호 (여수동,신야탑푸르지오 ",
907,스푼업(SPOONUP),1,일반주점,"경기 성남시 분당구 성남대로172번길 24, 1층 101-2호, 101-3호 (금곡동,분당미금파크)",
908,스시오마카세,1,일식전문점,"경기 성남시 분당구 정자일로 121, D-07호,분당더샵스타파크상가동1층 (정자동)",
909,스낵스토리,1,기타식음료품,"경기 성남시 분당구 성남대로925번길 11, 1층 107호 (야탑동,유니마트)",
910,술집(요리포차),1,일반음식점,"경기 성남시 분당구 미금일로74번길27, 1층 (구미동) ",
911,수라냉면,1,일반음식점,"경기 성남시 수정구 시민로 175, 1층 (신흥동)",
912,수내칡냉면,1,일반음식점,"경기 성남시 분당구 느티로 27, 101호 (정자동,하나프라자)",
913,쇼쿠닌,1,일반음식점,"경기 성남시 분당구 판교역로192번길14-2, 1층 113호 (삼평동,골드타워 ",
914,송추가마골판교지점,1,일반한식,"경기 성남시 분당구 판교역로145, 타워2동 2층 225,226,227,호 (백현동 ",
915,속초게찜6242,1,일식/생선회집,"경기 성남시 분당구 매화로55번길 7, 1층 (야탑동)",
916,소마(SOMA),1,서양식전문점,"경기 성남시 분당구 대왕판교로660, 3층 326호 (삼평동,유스페이스1) ",
917,소담시루,1,일반음식점,"경기 성남시 분당구 운중로277번길 40-9, 1층 101호 (판교동)",
918,세원골,1,일반음식점,"경기 성남시 수정구 수정로74번길 6, 1층 우측 (수진동)",
919,세누하누,1,일반음식점,"경기 성남시 분당구 판교역로 145, 타워2동  2층 201호,202호,203호(백현동, 알파리움)",
920,설빙에스에이치코리아,1,일반음식점,"경기 성남시 분당구 성남대로 151,엠코헤리츠,2층212호,213호(구미동)",
921,석운가든,1,일반음식점,"경기 성남시 분당구 석운로 213,1층(석운동)",
922,서현실비(주),1,일반음식점,"경기 성남시 분당구 황새울로311번길 14, 106호~108호 (서현동)",
923,서현궁 불고기,1,일식전문점,"경기 성남시 분당구 안양판교로1201번길 63, 1층 (백현동)",
924,서초우동,1,일반음식점,"경기 성남시 분당구 내정로17번길 11, 1층 일부 (정자동)",
925,서원숯불생고기전문점,1,한식,"경기 성남시 분당구 안골로 12-4, 1층 (서현동)",
926,서울맥주1977동판교점,1,일반주점,"경기 성남시 분당구 동판교로52번길 9, 1층 (백현동)",
927,서울감자탕정자2호점(주)서울감,1,일반음식점,"경기 성남시 분당구 내정로107번길 2, 1층 (정자동,양지프라자)",
928,서울감자탕정자1호점(주)서울감,1,일반음식점,경기 성남시 분당구 내정로31번길 7-13 (정자동),
929,서울감자탕,1,일반음식점,경기 성남시 분당구 미금일로86번길 10 (구미동),
930,서림식당,1,한식,경기 성남시 분당구 구미동 192 엘지트윈하우스118,
931,샵이공칠,1,양식,"경기 성남시 분당구 판교역로192번길 22, 207호, 208호 (삼평동)",
932,샤브효,1,일반음식점,"경기 성남시 분당구 안골로 12-4, A동 2층 (서현동,동양프라자)",
933,생활맥주 분당정자 SK,1,일반주점,"경기 성남시 분당구 성남대로331번길 13, 107호 (정자동)",
934,생포탄,1,일반음식점,"경기 성남시 분당구 미금일로74번길 13-1, 1층 (구미동)",
935,삼육구,1,한식,경기 성남시 분당구 야탑로111번길 7-1 1층 (야탑동),
936,삼김화로구이,1,한식,"경기 성남시 분당구 느티로 16-0,12층 208호 (정자동,젤존타워1) ",
937,삼김농원,1,일반음식점,"경기 성남시분당구 서현동 221 1층,2층사용",
938,살라타이(SalaThai),1,일반음식점,"경기 성남시 분당구 성남대로 381, 308호 (정자동,폴라리스빌딩)",
939,산애들애,1,"농산물,청과물","경기 성남시 분당구 중앙공원로40번길 42, 종합상가 49동 139호 (서현동,우성종합상가)",
940,산더미 황소곱창,1,일반음식점,"경기 성남시 분당구 성남대로171번길 9, 106호 (금곡동,골든벨리오피스텔)",
941,사계절한정식,1,일반음식점,"경기 성남시 분당구 안양판교로1201번길 49 (백현동,란정1층,2층)",
942,뽕잎칼국수,1,일반음식점,경기 성남시 수정구 청계산로 463 (상적동),
943,비어첸 수내점,1,일반음식점,"경기 성남시 분당구 백현로101번길 12, 2층 204호 (수내동,세인프라자)",
944,비어웍스본점,1,일반주점,"경기 성남시 분당구 정자일로135, D동 1층 111호 (정자동,푸르지오시티 ",
945,비스트로올,1,양식,"경기 성남시 분당구 야탑로111번길 19-1, (야탑동,1층일부)",
946,블리스인씨암,1,일반음식점,"경기 성남시 분당구 판교역로2번길 10, 1층 전부 (백현동)",
947,브이알스웨그(VR SWAG),1,기타음식점,"경기 성남시 분당구 분당로53번길 20, 5층 501호 (서현동,이랜드분당프라자)",
948,브랜든돈까스BRANDONnSUJI,1,양식,경기 성남시 분당구 삼평동 678 판교테크노벨리안 삼환하이펙스A동 지하 113호,
949,브랜든돈까스ＢＲＡＮＤＯＮｎＳＵ,1,양식,경기 성남시 분당구 삼평동678 판교테크노벨리안 삼환하이펙스A동 지하 ,
950,분짜라임 미금점,1,일반음식점,"경기 성남시 분당구 성남대로 151, 1층 120호, 120-1호 (구미동,분당엠코헤리츠)",
951,분당유황오리진흙구이,1,일반한식,경기 성남시 분당구 서현동 69 외1번지2층,
952,분당야탑역점미정국수0410,1,일반음식점,"경기 성남시 분당구 성남대로926번길6, 1층 107호 (야탑동,야탑대덕프 ",
953,분당서서갈비,1,일반음식점,경기 성남시 분당구 판교로610번길 1-6 (야탑동),
954,북해어장왕코다리,1,일반음식점,"경기 성남시 중원구 도촌로7번길 4-12, 1층 (도촌동)",
955,봉추찜닭분당미금역점,1,일반음식점,"경기 성남시 분당구 성남대로 151,분당엠코헤리츠2층206-1호,207호207-1호(구미동)",
956,본춘하추,1,기타식음료품,"경기 성남시 분당구 중앙공원로31번길 42, 105호 (서현동,서현파크플라자)",
957,본죽앤비빔밥제생병원점,1,휴게음식점,"경기 성남시 분당구 서현로180번길 13-0,1층 109호 (서현동,서현프라자 ",
958,본죽앤비빔밥위례창곡점,1,일반음식점,"경기 성남시 수정구 위례동로 147, 1층 105호 (창곡동,위례건아타워)",
959,본죽백현점,1,일반음식점,"경기 성남시 분당구 동판교로 58, 1층 108호 (백현동,나이스프라자)",
960,본도시락미금점,1,일반음식점,"경기 성남시 분당구 성남대로172번길 12 (금곡동,현대아리온오피스텔1층4호.)",
961,본가한우,1,"축산물,정육점","경기 성남시 수정구 산성대로509, 1층 (양지동) ",
962,베스킨라빈스,1,아이스크림전문점,"경기 성남시 분당구 판교로 445, 1층 3,4호 (야탑동)",
963,베르비(b),1,일반주점,"경기 성남시 분당구 성남대로331번길13, 3층 301호 (정자동) ",
964,"버스킹,(busking,)",1,일반주점,"경기 성남시 분당구 발이봉남로3번길 9, 1층 (수내동)",
965,뱅스테리아(Vinsteria),1,서양식전문점,"경기 성남시 분당구 판교로319번길 13, 107호 (삼평동,디테라스)",
966,백년각 (주)백년각,1,중식전문점,"경기 성남시 분당구 성남대로925번길 19, 206호 (야탑동,터미널프라자)",
967,배러댄와플단대오거리점,1,일반음식점,"경기 성남시 중원구 광명로 331, 1층 (금광동)",
968,배가부른족발,1,한식,"경기 성남시 분당구 판교로 436, 지하1층 3,4호 (이매동)",
969,밥이랑커피랑,1,일반음식점 기타,"경기 성남시 분당구 판교역로 145, 지1층 B145(일부)호 (백현동)",
970,반가운수작,1,일반음식점,"경기 성남시 분당구 미금일로86번길 14, 1층 (구미동)",
971,바른스시서판교점,1,일식전문점,"경기 성남시 분당구 운중로233번길14-6, 1층 일부 (판교동) ",
972,바르다김선생판교점,1,일반음식점,"경기 성남시 분당구 대왕판교로606번길58, 1층 1-76호 (삼평동,판교푸 ",
973,바르다김선생미금점,1,일반음식점,"경기 성남시 분당구 돌마로51, 102호 (금곡동,천사의도시2오피스텔) ",
974,바다집,1,한식,"경기 성남시 분당구 야탑로111번길 5-6, 1층 (야탑동)",
975,바다애,1,일반한식,"경기 성남시 분당구 돌마로 68, 2층 203동 1호 (구미동, 분당프라자)",
976,바나나테이블,1,일반음식점,"경기 성남시 분당구 동판교로177번길 25, 2층 210호,211호 (삼평동,판교호반써밋플레이스)",
977,밀크램지,1,일반음식점,"경기 성남시 분당구 판교역로 230, B동 110호 (삼평동,삼환하이펙스)",
978,미향양갈비양꼬치,1,중식전문점,경기 성남시 분당구 장미로100번길15-11 (야탑동) ,
979,미카도스시 서현점,1,일식/생선회집,"경기 성남시 분당구 황새울로359번길 11, 102호 (서현동,미래에셋플레이스)",
980,미친꽈배기,1,일반음식점,"경기 성남시 분당구 대왕판교로660, 1층 146(일부)호 (삼평동,유스페이 ",
981,미엘레디저트,1,일반음식점,"경기 성남시 분당구 불곡로13번길 3-1, 1층 일부 (정자동)",
982,미스터벤또,1,일반음식점,"경기 성남시 분당구 대왕판교로 670, B1층 115호 (삼평동)",
983,미스사이공 구시청점,1,일반음식점,"경기 성남시 수정구 수정로 179, 1층 일부호 (태평동)",
984,미소회초밥,1,일식전문점,"경기 성남시 분당구 발이봉로3번길 12, 1층 (수내동)",
985,미성양꼬치,1,일반음식점,"경기 성남시 분당구 판교역로192번길 22, 제1층, 107호 (삼평동)",
986,미락,1,일반음식점,"경기 성남시 분당구 구미로9번길25, 108호 (구미동,분당대맥주차빌딩) ",
987,미뇽(mignon),1,일반주점,"경기 성남시 분당구 느티로 16, 1층 101호 (정자동,젤존타워1)",
988,미나미이치,1,일식전문점,"경기 성남시 분당구 미금일로74번길 8, 1층 (구미동)",
989,미각짬뽕24시,1,중식전문점,"경기 성남시 분당구 황새울로330번길18, 1층 (서현동,송암빌딩) ",
990,미가미,1,일식전문점,"경기 성남시 분당구 안골로 24, 지하1층 (서현동)",
991,문어상회,1,한식,"경기 성남시 분당구 대왕판교로606번길 31, 131호 (삼평동)",
992,무한갈비만세성남수진점,1,일반음식점,"경기 성남시 중원구 광명로 90, 1층 (성남동,부성아트빌)",
993,무교동서현낙지,1,일반음식점,경기 성남시 분당구 서현로257번길5 (서현동) ,
994,목포산낙지,1,일반음식점,"경기 성남시 분당구 느티로77번길 12, 1층 (정자동)",
995,모박사부대찌게,1,한식,"경기 성남시 분당구 장미로48번길 14, (야탑동)",
996,모로미쿠시판교점,1,일반주점,"경기 성남시 분당구 판교역로192번길 14-2,삼평동,1층111호 ",
997,모란왕족발,1,일반음식점,"경기 성남시 중원구 성남대로1148번길 8, 1층 (성남동)",
998,명품만두,1,일반음식점,"경기 성남시 분당구 돌마로90번길4, 1층 103호 (구미동,엘레강스프라자 ",
999,명인만두야탑점,1,일반음식점,"경기 성남시 분당구 야탑로81번길10, 1층 112호 (야탑동,분당아미고타 ",
1000,명성양꼬치,1,일반음식점,"경기 성남시 분당구 판교역로192번길 22 (삼평동,판교효성해링턴타워1층112호,113호,114호일부)",
1001,명랑시대쌀핫도스 분당미금점,1,일반음식점,"경기 성남시 분당구 돌마로90번길 4, 1동 1층 102호 (구미동,엘레강스프라자)",
1002,명가원설농탕 (성남점),1,일반음식점,"경기 성남시 수정구 시민로 173, 1층 (신흥동)",
1003,명가원,1,일반음식점,"경기 성남시 분당구 황새울로258번길 10-3, 1층 (수내동,대창빌딩)",
1004,면통단,1,일반음식점 기타,"경기 성남시 중원구 성남대로997번길 51-2, 1층 (여수동)",
1005,메즈클라 (mezclar),1,양식,"경기 성남시 분당구 운중로146번길 35-1, 1층 (운중동)",
1006,맥도날드오리역점,1,패스트푸드점,"경기 성남시 분당구 성남대로45, 1층 일부 (구미동) ",
1007,맥도날드 분당효자점,1,패스트푸드점,경기 성남시 분당구 서현동 삼성프라자분당점 305-2 서현프라자빌딩,
1008,매우리,1,일반음식점,"경기 성남시 수정구 수정북로 67, 1층 (태평동)",
1009,망향비빔국수,1,일반음식점 기타,"경기 성남시 분당구 서현로239번길 6, (서현동)",
1010,맛찬들왕소금구이,1,한식,"경기 성남시 분당구 성남대로331번길 3-6,1,2층 (정자동) ",
1011,맑은곰탕 운중,1,일반음식점 기타,"경기 성남시 분당구 하오개로 383, 지 층101호 (운중동)",
1012,만두전골과칼국수미가온,1,일반음식점,경기 성남시 분당구 하오개로358 (운중동) ,
1013,마쯔미,1,일반음식점,"경기 성남시 분당구 장미로48번길 14, 1층 102호 (야탑동,엔즈빌오피스텔)",
1014,마이에마스(mai et m,1,서양식전문점,"경기 성남시 분당구 정자일로 146, 정자역엠코헤리츠1단지 1층 A115호 (정자동)",
1015,마왕족발,1,일반음식점,"경기 성남시 분당구 매화로 50, 1층 107호 (야탑동,송림프라자)",
1016,마산아구랜드,1,한식,경기 성남시 분당구 야탑동 376-8 1층,
1017,마리앤마사,1,일반음식점,"경기 성남시 분당구 정자일로100, (제1층 제104호). (정자동,미켈란쉐 ",
1018,마루돈가,1,일반음식점,"경기 성남시 분당구 황새울로258번길 10-9, 1층 102호,103호,104호 (수내동)",
1019,마루니,1,일반음식점,"경기 성남시 분당구 판교역로192번길 16, 1층 109호 (삼평동,판교타워)",
1020,마노스시,1,일식전문점,"경기 성남시 수정구 위례서일로3길 27-4, 1층 (창곡동)",
1021,리골레토시카고피자분당정자점,1,패스트푸드점,"경기 성남시 분당구 정자일로 220-0,112,113호 (정자동,동양정자파라곤 ",
1022,롯데리아야탑역점,1,패스트푸드점,"경기 성남시 분당구 성남대로925번길 11, 170호 (야탑동,유니마트1층)",
1023,롯데리아분당수내동점,1,패스트푸드점,경기 성남시 분당구 불정로 256 (수내동),
1024,롯데리아 판교DT,1,패스트푸드점,경기 성남시 분당구 백현동 598번지,
1025,롭스정자역점,1,일반잡화판매점,"경기 성남시 분당구 성남대로331번길 11-3,(정자동) ",
1026,롤링파스타 서현역점,1,서양식전문점,"경기 성남시 분당구 분당로53번길 14, 2층 202,203,204호 (서현동,서현프라자)",
1027,러시아알부자,1,일식/생선회집,"경기 성남시 중원구 둔촌대로101번길 28-17,1층 (성남동,중원실업빌딩) ",
1028,램가,1,일반음식점,"경기 성남시 분당구 운중로225번길 48-9, 지하1층 (판교동)",
1029,랄루차(LALUCHA),1,서양식전문점,"경기 성남시 분당구 서현로210번길17, 2층 201호 (서현동,광림플라자) ",
1030,라온,1,서양식전문점,"경기 성남시 분당구 서현로257번길15, 1층 (서현동) ",
1031,라멘모토,1,일식전문점,"경기 성남시 분당구 정자일로220, 상가동 118호 (정자동,동양정자파라 ",
1032,뚝배기동태탕,1,한식,"경기 성남시 분당구 서판교로44번길 3, 101호 (판교동)",
1033,뚜에이오,1,서양식전문점,"경기 성남시 분당구 운중로225번길14-1,1층일부102호(판교동) ",
1034,디안만두전골(주)상원푸드,1,일반음식점,"경기 성남시 수정구 청계산로 617, 1층,2층 (상적동)",
1035,드마노,1,서양식전문점,"경기 성남시 분당구 판교역로 230, 삼환하이펙스B동지하1층B113호 (삼평동)",
1036,두부공방,1,일반음식점,"경기 성남시 분당구 백현로150번길 9-6, 1층 (정자동)",
1037,두끼 미금점,1,휴게음식점,"경기 성남시 분당구 성남대로 151, 210호일부, 210-1호 (구미동)",
1038,돼지평전,1,일반음식점,"경기 성남시 분당구 운중로233번길 14-5, 1층 (판교동)",
1039,동해참가자미새꼬시,1,일반음식점,경기 성남시 분당구 효자길33 (서현동) ,
1040,동해묵호항,1,일반음식점,"경기 성남시 분당구 정자일로 197, 109호 (정자동,정자동2차푸르지오시티)",
1041,동태찌개,1,일반음식점,"경기 성남시 수정구 대왕판교로812, B107호 (시흥동) ",
1042,돈까스클럽분당금곡점,1,서양식전문점,"경기 성남시 분당구 대왕판교로158, 1층 (금곡동,경도빌딩) ",
1043,도토리,1,유흥주점,"경기 성남시 분당구 성남대로343번길 12-6, 지하1층 (정자동,한평회관)",
1044,도심속바다,1,일식/생선회집,"경기 성남시 분당구 장미로92번길 12, 1층 (야탑동)",
1045,도미노피자수진점,1,패스트푸드점,경기 성남시 중원구 산성대로200 (성남동) ,
1046,데일리오아시스분당야탑점,1,일반음식점,"경기 성남시 분당구 야탑로103, 1층 109호 (야탑동,노블리치2 오피스텔 ",
1047,데이빗앤룰스(David&rules),1,서양식전문점,"경기 성남시 분당구 서판교로44번길 17-7, 1층 전부 (판교동)",
1048,던킨도너츠서현1호점,1,패스트푸드점,"경기 성남시 분당구 중앙공원로40번길 4, 1층 121호 (서현동,현대카스올림픽콜프파크)",
1049,더블유카페(wcafe)판교점,1,일반음식점,"경기 성남시 분당구 판교역로 235 (삼평동,에이치스퀘어엔동 117호)",
1050,더뭉티기,1,일반한식,"경기 성남시 분당구 성남대로 295, A동 1층 105호 (정자동, 대림아크로텔)",
1051,더 푸에르코(The Puerc,1,일반음식점,"경기 성남시 분당구 정자일로 140, B108호 (정자동,엠코헤리츠2단지)",
1052,대박반점,1,중식전문점,"경기 성남시 분당구 돌마로366번길 8, 상가 4-5동 지하층 일부 16호 푸른마을 (수내동)",
1053,대가참치앤스시,1,한식,"경기 성남시 중원구 둔촌대로101번길 14, (성남동)",
1054,담소사골순대정자점,1,일반음식점,"경기 성남시 분당구 성남대로331번길 3-13, 1층 105호 (정자동,대명제스트빌딩)",
1055,달떡볶이,1,휴게음식점,"경기 성남시 분당구 대왕판교로606번길 58, 1층 (삼평동,판교푸르지오월드마크)",
1056,단정숯불갈비,1,중식전문점,"경기 성남시 중원구 마지로286,,1~2층(갈현동) ",
1057,다원,1,중식전문점,"경기 성남시 중원구 양현로 459, 1층 (여수동)",
1058,늘봄웰봄분당점,1,한식,"경기 성남시 분당구 정자일로 248-0,201(정자동,파크뷰상가201-203호) ",
1059,농협하나로유통성남농산물,1,농협식품전문점,경기 성남시 분당구 성남대로43번길11 (구미동) ,
1060,놀부부대찌개앤철판구이판교더블유시티점,1,일반한식,"경기 성남시 분당구 판교로255번길 9, 2층 211호 (삼평동)",
1061,노브랜드판교알파돔점,1,기타식음료품,"경기 성남시 분당구 판교역로145, 1층 (백현동,C2-2블럭) ",
1062,노란황태,1,일반음식점,"경기 성남시 분당구 운중로267번길 7-6, 1층 (판교동)",
1063,네네치킨(동판교점),1,치킨전문점,"경기 성남시 분당구 동판교로52번길 17-4, 1층 101호 (백현동)",
1064,남원추어탕 판교점,1,일반음식점,"경기 성남시 분당구 판교로 375, 2층 201호 (삼평동,메가스페이스1)",
1065,남북양꼬치,1,중국식,"경기 성남시 분당구 성남대로331번길 11, 지하1층 (정자동, 여민빌딩)",
1066,남도어부(주)씨앤제이비젼,1,일반음식점,"경기 성남시 분당구 정자일로 162, 103호 104호 (정자동,젤존타워2)",
1067,남도식당,1,일반음식점,"경기 성남시 분당구 불정로77번길 15, 1층 (정자동)",
1068,나주곰탕,1,한식,"경기 성남시 분당구 분당로53번길 12, 2층 215호 (서현동,서현나산플라자)",
1069,나빌리오,1,양식,경기 성남시 분당구 정자동 159-1 백궁프라자 121호,
1070,나무김밥,1,일반음식점,"경기 성남시 분당구 느티로 22, 1층 102호 (정자동,백궁동양파라곤)",
1071,꽁지네김밥,1,휴게음식점,경기 성남시 중원구 성남동 .,
1072,깐부치킨 미금역점,1,치킨전문점,"경기 성남시 분당구 돌마로 47, 118,119호 (금곡동,이코노샤르망)",
1073,깐부,1,일반주점,경기 성남시 분당구 수내동7-5 102호 ,
1074,김작가의 이중생활 야탑역점,1,일반주점,"경기 성남시 분당구 야탑로105번길 12-6, 1층 (야탑동)",
1075,김밥우동천국,1,일반음식점,경기 성남시 분당구 야탑동 341 성남(분당)여객자동차터미널 지1-507호일부,
1076,김밥명가,1,일반음식점,"경기 성남시 분당구 성남대로 168, 104호 (금곡동,미도프라자)",
1077,김밥마니아야탑점,1,일반음식점,"경기 성남시 분당구 성남대로925번길 19, 1층 108호 (야탑동,터미널프라자)",
1078,김명자낙지마당정자점,1,일반음식점,"경기 성남시 분당구 불정로87번길 6, 지하1층,1층 전부 (정자동)",
1079,김돈이,1,일반음식점,"경기 성남시 분당구 판교역로192번길 22, 1층 102호 (삼평동,판교효성해링턴타워)",
1080,김가네육곡간,1,일반음식점,"경기 성남시 분당구 황새울로360번길 22, 304호,305호 (서현동,영건프라자)",
1081,금룡,1,중식,"경기 성남시 분당구 야탑로65번길 8, (야탑동)",
1082,금광풍년쌈밥,1,일반음식점,"경기 성남시 중원구 광명로330-1, 1층 (금광동) ",
1083,궁내동205호프,1,일반주점,"경기 성남시 분당구 대왕판교로 287, 2층 일부 (궁내동,궁내빌딩)",
1084,굽네치킨 야탑2동점,1,치킨전문점,"경기 성남시 분당구 판교로 442, 103호 (이매동,우일프라자빌딩)",
1085,군산오징어삼환점,1,한식,"경기 성남시 분당구 판교역로 240, 2층 206호 (삼평동,삼환하이펙스A동)",
1086,군산오징어 삼환점,1,일반음식점,"경기 성남시 분당구 판교역로 240, A동 206호 (삼평동,삼환하이펙스)",
1087,구좌리얼크니손칼국수,1,일반음식점,"경기 성남시 분당구 쇳골로 25, 1층 (금곡동)",
1088,구구스플레이트(주)푸드크리에이,1,치킨전문점,"경기 성남시 분당구 판교역로 145, 알파리움 타워2동 1층 135호,136호,137호 (백현동)",
1089,교촌치킨,1,치킨전문점,"경기 성남시 수정구 성남대로 1233,1층(태평동)",
1090,교소바,1,일식/생선회집,"경기 성남시 분당구 대왕판교로645번길 36, 1층 (삼평동,엔에스복합건축물)",
1091,교동전선생 분당수내점,1,한식,"경기 성남시 분당구 수내로46번길 20, 1층 103,104호 (수내1동,맛자랑멋자랑)",
1092,광장호프,1,일반주점,"경기 성남시 분당구 장미로86번길13,(야탑동) ",
1093,곱창가 정자점,1,일반음식점 기타,"경기 성남시 분당구 정자일로 190, 1층 일부 (정자동)",
1094,곰포차,1,일식전문점,"경기 성남시 분당구 정자일로192, 109호 (정자동,지.파크프라자) ",
1095,곰바우 양곱창,1,일반음식점,"경기 성남시 분당구 장미로86번길 14, 1층 (야탑동)",
1096,곤트란쉐리에정자점,1,기타음식점,"경기 성남시 분당구 정자일로132,정자역엠코헤리츠4단지D동101호,102호 ",
1097,고암남원추어탕,1,일반음식점,경기 성남시 수정구 산성대로597 (양지동) ,
1098,고산수,1,일반음식점,"경기 성남시 분당구 성남대로925번길 11, 119~123호 (야탑동,유니마트)",
1099,고봉민김밥인성남시청점,1,일반음식점,"경기 성남시 중원구 양현로 411, 1층 102호 (여수동,시티오피스타워)",
1100,고봉민김밥인성남분당판교점,1,일반음식점,"경기 성남시 분당구 대왕판교로606번길58, 1층 1-87호 (삼평동,판교푸 ",
1101,고봉민김밥인,1,일반음식점,"경기 성남시 수정구 위례광장로 27, 1층 114호 (창곡동,으뜸프라자)",
1102,건우리 한우 직판장,1,"축산물,정육점","경기 성남시 중원구 성남대로997번길 51-6, 1층 (여수동)",
1103,개스트로펍로에뒤셀,1,서양식전문점,"경기 성남시 분당구 성남대로151, 분당 엠코 헤리츠 2층 219-1호,220호 ",
1104,개성전통삼계탕,1,일반음식점,"경기 성남시 분당구 백현로 97,수내동다운타운지상1층113호,114호(수내동)",
1105,개성곰탕,1,한식,"경기 성남시 분당구 돌마로 68, 209호 (구미동,분당프라자)",
1106,강릉집(분당집),1,한식,경기 성남시 분당구 야탑동 375-8,
1107,강릉교동짬뽕,1,중식전문점,"경기 성남시 분당구 성남대로144번길 10, 1층 (구미동)",
1108,강남면옥,1,일반음식점,"경기 성남시 분당구 새마을로 5,1층(서현동)",
1109,감탄분당푸른마을점,1,일반음식점,"경기 성남시 분당구 돌마로356번길3, 1층 109호 (수내동,그랜드프라자) ",
1110,갈비정원,1,한식,"경기 성남시 분당구 양현로 246, (야탑동)",
1111,가비명작,1,서양식전문점,"경기 성남시 분당구 구미로 191, 1층 101,101-1호 (구미동,아산웰빙프라자)",
1112,nomnom SUBS,1,휴게음식점,"경기 성남시 분당구 판교역로 231, 1층 117호 (삼평동,에이치스퀘어 에스동)",
1113,MATE(메이트),1,호텔(특급외),경기 성남시 분당구 황새울로335번길 7 (서현동),
1114,LA북창동순두부,1,한식,경기 성남시 분당구 서현동 260-3 멜로즈프라자103,
1115,KOTITI시험연구원,1,전문서비스업,"경기 성남시 중원구 사기막골로 111-0,(상대원1동) ",
1116,KFC서현역,1,패스트푸드점,경기 성남시 분당구 분당로53번길19 (서현동) ,
1117,CJ올리브영(주)판교유스페이스,1,기타종합소매점,"경기 성남시 분당구 대왕판교로 660, 유스페이스1 제2층225호 (삼평동)",
1118,BHC치킨 서판교점,1,치킨전문점,"경기 성남시 분당구 운중로257번길 7-6, 1층 101호 (판교동)",
1119,7프로 칠백식당,1,일반음식점 기타,"경기 성남시 분당구 미금일로74번길 25-7, (구미동)",
1120,59피자,1,패스트푸드점,"경기 성남시 분당구 벌말로41, 101호 (야탑동,성원프라자) ",
1121,３６９부대찌개앤삼겹살,1,한식,"경기 성남시 분당구 삼평동판교역로 230 삼환하이펙스B동204호,205호 ",
1122,(주)평가옥푸드시스템,1,한식,"경기 성남시 분당구 정자동 82-1 지하1층, 지상1층",
1123,(주)청정갯마을,1,일반음식점,"경기 성남시 분당구 성남대로858번길 4, 1층 (야탑동)",
1124,(주)창섭 마트로,1,기타식음료품,"경기 성남시 분당구 동판교로266번길 14, 1층 (삼평동)",
1125,(주)조앤이푸드 청계산지점,1,일반음식점,"경기 성남시 수정구 청계산로 440-4, 1층 (상적동)",
1126,(주)이퀄리브리엄,1,식음료(기타),"경기 성남시 중원구 갈마치로186, 906호 (상대원동,반포테크노피아) ",
1127,(주)이롬,1,기타 전자제품,"경기 성남시 분당구 판교로228번길 15, 2동 7층 (삼평동,판교세븐벤처밸리)",
1128,(주)유썸,1,일반음식점,"경기 성남시 분당구 구미로173번길 82 (구미동,분당서울대학교병원신관지하1층일부)",
1129,(주)에이펙스 분당지점,1,일반주점,"경기 성남시 분당구 장미로86번길 6, 1층 102호 (야탑동)",
1130,(주)아데나가든,1,일반음식점,"경기 성남시 분당구 정자일로 120, B동 101호102호 (정자동,삼성아데나루체아파트)",
1131,(주)신화아이푸드취홍지점,1,중식,경기 성남시 분당구 서현동195-2 4층 ,
1132,(주)스타럭스 교토가츠규 알파돔시티점,1,일식전문점,"경기 성남시 분당구 판교역로 145, 531번지 C2-3블럭 (백현동)",
1133,(주)소와양,1,한식,"경기 성남시 분당구 만세길 20, (율동)",
1134,(주)산지에프앤비ROPE,1,기타식음료품,경기 성남시 수정구 위례서일로3길27 (창곡동) ,
1135,(주)바실리움,1,뷔페.출장연회,"경기 성남시 분당구 양현로 322, 8층 (야탑동,코리아디자인센터)",
1136,(주)미스터피자서판교점,1,패스트푸드점,"경기 성남시 분당구 운중동 941 메트로골드202호,203호일부",
1137,(주)로이즈판교아브뉴프랑점,1,기타식음료품,"경기 성남시 분당구 분당내곡로 150,(삼평동,판교택지개발구C1-1BL)",
1138,(주)려기위례점,1,기타식음료품,"경기 성남시 수정구 위례동로 153, 210호, 211호 (창곡동,에이플타워)",
1139,(주)라뜰리에(에코허브지점),1,일반음식점,"경기 성남시 분당구 판교로332, 1층 에스케이에코-허브센터 (삼평동) ",
1140,(주)디엔푸드,1,일반음식점,"경기 성남시 분당구 정자일로248 (정자동,파크뷰 1층 106호) ",
1141,(주)두마레,1,일반음식점,"경기 성남시 분당구 구미로 191, 201호 (구미동,아산웰빙프라자)",
1142,(주)더블유스퀘어컨벤션,1,예식장,"경기 성남시 분당구 판교역로226번길16,(삼평동) ",
1143,(주)놀멍쉬멍 (반작),1,한식,"경기 성남시 분당구 대왕판교로 660 지하1층 비103호 (삼평동,유스페이스1)",
1144,(주) 메종기욤 아브뉴프랑,1,양식,"경기 성남시 분당구 동판교로177번길 25, 1층 126호 (삼평동,판교호반써밋플레이스)",
1145,(사)세종전통음식연구소카페숨,1,일반음식점,"경기 성남시 분당구 서현로357번길 8 (서현동,1층전부)",
,,,,,
